W+1/RB1in/4,Forward,9200,0.0193692
W+1/RB1out/4,Forward,9200,0.0147971
W+1/RB2out/4,Forward,9200,0.0167533
W+1/RB2in/4,Central,9200,0.0791131
W+1/RB2in/4,Forward,9200,0.0215572
W+1/RB2in/4,Backward,9200,0.0256868
W+1/RB1out/4,Backward,9200,0.010126
W+1/RB1in/4,Backward,9200,0.0259977
W+1/RB2out/4,Backward,9200,0.0169035
W+1/RB4/4+,Forward,9200,0.0103128
W+1/RB4/4++,Forward,9200,0.920875
W+1/RB3/4-,Forward,9200,0.0113301
W+1/RB3/4+,Forward,9200,0.0197105
W+1/RB4/4--,Forward,9200,0.0205157
W+1/RB4/4-,Forward,9200,0.0767049
W+1/RB3/4-,Backward,9200,0.031365
W+1/RB3/4+,Backward,9200,0.0136663
W+1/RB4/4--,Backward,9200,0.0214482
W+1/RB4/4-,Backward,9200,0.0420599
W+1/RB4/4+,Backward,9200,0.00826975
W+1/RB4/4++,Backward,9200,0.0180775
W+1/RB4/5-,Backward,9200,0.0239243
W+1/RB4/5+,Backward,9200,0.0311008
W+1/RB3/5-,Backward,9200,0.0244592
W+1/RB3/5+,Backward,9200,0.00918325
W+1/RB2in/5,Forward,9200,0.225133
W+1/RB2in/5,Backward,9200,0.0196514
W+1/RB2in/5,Central,9200,0.0452517
W+1/RB4/5-,Forward,9200,0.0215392
W+1/RB4/5+,Forward,9200,0.0349834
W+1/RB3/5-,Forward,9200,0.0257098
W+1/RB3/5+,Forward,9200,0.0238392
W+1/RB2out/5,Forward,9200,0.0164663
W+1/RB1out/5,Forward,9200,0.290545
W+1/RB1in/5,Forward,9200,0.0416311
W+1/RB1in/5,Backward,9200,0.0153148
W+1/RB1out/5,Backward,9200,0.114421
W+1/RB2out/5,Backward,9200,0.0124642
W+1/RB2in/6,Central,9200,0.0823536
W+1/RB2in/6,Backward,9200,0.0672189
W+1/RB2in/6,Forward,9200,0.159956
W+1/RB1out/6,Backward,9200,0.0211369
W+1/RB2out/6,Backward,9200,0.0125332
W+1/RB1in/6,Backward,9200,0.0135141
W+1/RB4/6-,Backward,9200,0.0198964
W+1/RB4/6+,Backward,9200,0.0549163
W+1/RB3/6-,Backward,9200,0.0340447
W+1/RB3/6+,Backward,9200,0.0290938
W+1/RB3/6-,Forward,9200,0.0629376
W+1/RB3/6+,Forward,9200,0.0271845
W+1/RB4/6-,Forward,9200,0.0369346
W+1/RB4/6+,Forward,9200,0.04041
W+1/RB2out/6,Forward,9200,0.018712
W+1/RB1out/6,Forward,9200,0.0186953
W+1/RB1in/6,Forward,9200,0.0229535
W+1/RB4/7-,Forward,9200,0.0296789
W+1/RB4/7+,Forward,9200,0.0266731
W+1/RB3/7-,Forward,9200,0.0165737
W+1/RB3/7+,Forward,9200,0.0257708
W+1/RB2in/7,Backward,9200,0.0159666
W+1/RB2in/7,Central,9200,0.0377845
W+1/RB2in/7,Forward,9200,0.0207762
W+1/RB3/7-,Backward,9200,0.0190564
W+1/RB3/7+,Backward,9200,0.0408709
W+1/RB4/7-,Backward,9200,0.0365773
W+1/RB4/7+,Backward,9200,0.0222642
W+1/RB1in/7,Backward,9200,0.0258733
W+1/RB2out/7,Backward,9200,0.0124864
W+1/RB1out/7,Backward,9200,0.00998901
W+1/RB2out/7,Forward,9200,0.0258935
W+1/RB1in/7,Forward,9200,0.0456968
W+1/RB1out/7,Forward,9200,0.0107127
W+1/RB3/8-,Backward,9200,0.0234279
W+1/RB3/8+,Backward,9200,0.0936732
W+1/RB4/8-,Backward,9200,0.0462292
W+1/RB4/8+,Backward,9200,0.0358192
W+1/RB3/8-,Forward,9200,0.0271803
W+1/RB3/8+,Forward,9200,0.0729309
W+1/RB4/8-,Forward,9200,0.0402073
W+1/RB4/8+,Forward,9200,0.039524
W+1/RB1out/8,Backward,9200,0.131297
W+1/RB1in/8,Backward,9200,0.0293069
W+1/RB2out/8,Backward,9200,0.0622132
W+1/RB2in/8,Central,9200,0.0595533
W+1/RB2in/8,Forward,9200,0.0679148
W+1/RB2in/8,Backward,9200,0.040401
W+1/RB1in/8,Forward,9200,0.0700621
W+1/RB2out/8,Forward,9200,0.461223
W+1/RB1out/8,Forward,9200,0.0628399
W+1/RB3/9-,Backward,9200,0.0263666
W+1/RB3/9+,Backward,9200,0.017017
W+1/RB4/9,Backward,9200,0.0226253
W+1/RB1in/9,Forward,9200,0.0472376
W+1/RB1out/9,Forward,9200,0.0191529
W+1/RB2out/9,Forward,9200,0.12742
W+1/RB1in/9,Backward,9200,0.0343972
W+1/RB1out/9,Backward,9200,0.0261288
W+1/RB2out/9,Backward,9200,0.158555
W+1/RB2in/9,Backward,9200,0.0871561
W+1/RB2in/9,Forward,9200,0.0775477
W+1/RB2in/9,Central,9200,0.0811685
W+1/RB3/9-,Forward,9200,0.0240675
W+1/RB3/9+,Forward,9200,0.0347092
W+1/RB4/9,Forward,9200,0.0195091
W+1/RB3/1-,Forward,9200,0.0223171
W+1/RB3/1+,Forward,9200,0.0500757
W+1/RB4/1-,Forward,9200,0.0284154
W+1/RB4/1+,Forward,9200,0.0834258
W+1/RB2in/1,Central,9200,0.124765
W+1/RB2in/1,Backward,9200,0.0141039
W+1/RB2in/1,Forward,9200,0.0896486
W+1/RB1in/1,Backward,9200,0.0310121
W+1/RB1out/1,Backward,9200,0.00768882
W+1/RB2out/1,Backward,9200,15.2011
W+1/RB3/1-,Backward,9200,0.0132463
W+1/RB3/1+,Backward,9200,0.0779079
W+1/RB4/1-,Backward,9200,0.0474693
W+1/RB4/1+,Backward,9200,0.0553382
W+1/RB2out/1,Forward,9200,7.33031
W+1/RB1in/1,Forward,9200,0.0285994
W+1/RB1out/1,Forward,9200,0.00720182
W+1/RB1in/2,Backward,9200,0.0679404
W+1/RB1out/2,Backward,9200,0.105666
W+1/RB2out/2,Backward,9200,0.104728
W+1/RB3/2-,Backward,9200,0.0535703
W+1/RB3/2+,Backward,9200,0.133017
W+1/RB4/2-,Backward,9200,0.0899201
W+1/RB4/2+,Backward,9200,0.0846699
W+1/RB2in/2,Forward,9200,0.0571224
W+1/RB2in/2,Central,9200,0.0449551
W+1/RB2in/2,Backward,9200,0.0294792
W+1/RB3/2-,Forward,9200,0.0982066
W+1/RB3/2+,Forward,9200,0.127501
W+1/RB4/2-,Forward,9200,0.0305552
W+1/RB4/2+,Forward,9200,0.0466262
W+1/RB2out/2,Forward,9200,0.175378
W+1/RB1in/2,Forward,9200,0.111893
W+1/RB1out/2,Forward,9200,0.0973737
W+1/RB4/3-,Forward,9200,0.0163703
W+1/RB4/3+,Forward,9200,0.047265
W+1/RB3/3-,Forward,9200,0.0357933
W+1/RB3/3+,Forward,9200,0.0270659
W+1/RB1in/3,Forward,9200,0.0792567
W+1/RB1out/3,Forward,9200,0.0749396
W+1/RB2out/3,Forward,9200,0.138253
W+1/RB4/3-,Backward,9200,0.0220685
W+1/RB4/3+,Backward,9200,0.0488983
W+1/RB3/3-,Backward,9200,0.0180293
W+1/RB3/3+,Backward,9200,0.022147
W+1/RB2out/3,Backward,9200,0.0736321
W+1/RB1out/3,Backward,9200,0.0546013
W+1/RB1in/3,Backward,9200,0.0239459
W+1/RB2in/3,Forward,9200,0.31479
W+1/RB2in/3,Central,9200,0.0574849
W+1/RB2in/3,Backward,9200,0.0385333
W+1/RB2out/10,Backward,9200,0.130496
W+1/RB1out/10,Backward,9200,0.0677418
W+1/RB1in/10,Backward,9200,0.017029
W+1/RB1out/10,Forward,9200,0.0536262
W+1/RB1in/10,Forward,9200,0.0111219
W+1/RB2out/10,Forward,9200,0.0656971
W+1/RB2in/10,Central,9200,0.0383853
W+1/RB2in/10,Forward,9200,0.0448517
W+1/RB2in/10,Backward,9200,0.0301641
W+1/RB3/10-,Backward,9200,0.0504859
W+1/RB3/10+,Backward,9200,0.0297674
W+1/RB4/10+,Backward,9200,0.00987906
W+1/RB4/10-,Backward,9200,0.0291304
W+1/RB4/10-,Forward,9200,1.64463
W+1/RB3/10-,Forward,9200,0.093508
W+1/RB3/10+,Forward,9200,0.0190768
W+1/RB4/10+,Forward,9200,0.0113931
W+1/RB1in/11,Forward,9200,0.0353187
W+1/RB1out/11,Forward,9200,0.03072
W+1/RB2out/11,Forward,9200,0.211356
W+1/RB4/11,Backward,9200,0.0251621
W+1/RB3/11-,Backward,9200,0.0459421
W+1/RB3/11+,Backward,9200,0.0305196
W+1/RB4/11,Forward,9200,0.0157819
W+1/RB3/11-,Forward,9200,0.0558523
W+1/RB3/11+,Forward,9200,0.027854
W+1/RB1in/11,Backward,9200,0.0139526
W+1/RB2out/11,Backward,9200,0.0611307
W+1/RB1out/11,Backward,9200,0.0208596
W+1/RB2in/11,Forward,9200,0.0404643
W+1/RB2in/11,Backward,9200,0.0297727
W+1/RB2in/11,Central,9200,0.0459773
W+1/RB4/12-,Backward,9200,0.0274898
W+1/RB4/12+,Backward,9200,0.0288607
W+1/RB3/12-,Backward,9200,0.0593821
W+1/RB3/12+,Backward,9200,0.0171752
W+1/RB4/12-,Forward,9200,0.0132526
W+1/RB4/12+,Forward,9200,0.052328
W+1/RB3/12-,Forward,9200,0.0626781
W+1/RB3/12+,Forward,9200,0.067619
W+1/RB2in/12,Central,9200,0.105903
W+1/RB2in/12,Forward,9200,0.0695057
W+1/RB2in/12,Backward,9200,0.0841752
W+1/RB2out/12,Forward,9200,0.127739
W+1/RB1in/12,Forward,9200,0.045773
W+1/RB1out/12,Forward,9200,0.0742387
W+1/RB2out/12,Backward,9200,0.0589786
W+1/RB1in/12,Backward,9200,0.0408719
W+1/RB1out/12,Backward,9200,0.0293546
W+2/RB4/4+,Backward,9200,0.0207861
W+2/RB4/4++,Backward,9200,0.0426636
W+2/RB4/4--,Backward,9200,0.0470952
W+2/RB4/4-,Backward,9200,0.0718219
W+2/RB3/4-,Backward,9200,0.0829605
W+2/RB3/4+,Backward,9200,0.0479725
W+2/RB1out/4,Backward,9200,0.0425487
W+2/RB2in/4,Backward,9200,0.0859006
W+2/RB1in/4,Backward,9200,0.03049
W+2/RB4/4+,Forward,9200,0.0283365
W+2/RB4/4++,Forward,9200,0.0475305
W+2/RB4/4--,Forward,9200,0.0447569
W+2/RB4/4-,Forward,9200,0.02141
W+2/RB3/4-,Forward,9200,0.0805897
W+2/RB3/4+,Forward,9200,0.0414562
W+2/RB2out/4,Backward,9200,0.0117978
W+2/RB2out/4,Central,9200,0.0514565
W+2/RB2out/4,Forward,9200,0.0305021
W+2/RB1in/4,Forward,9200,0.033659
W+2/RB1out/4,Forward,9200,0.0533125
W+2/RB2in/4,Forward,9200,0.0466709
W+2/RB1out/5,Forward,9200,0.0489174
W+2/RB2in/5,Forward,9200,0.0629992
W+2/RB1in/5,Forward,9200,0.0833446
W+2/RB4/5-,Backward,9200,0.127095
W+2/RB4/5+,Backward,9200,0.0237388
W+2/RB3/5-,Backward,9200,0.0807164
W+2/RB3/5+,Backward,9200,0.0705302
W+2/RB3/5-,Forward,9200,0.0855932
W+2/RB3/5+,Forward,9200,0.063995
W+2/RB4/5-,Forward,9200,0.105072
W+2/RB4/5+,Forward,9200,0.0407397
W+2/RB2in/5,Backward,9200,0.0263806
W+2/RB1out/5,Backward,9200,0.0392668
W+2/RB1in/5,Backward,9200,0.0313676
W+2/RB2out/5,Backward,9200,0.0208438
W+2/RB2out/5,Forward,9200,0.0624755
W+2/RB2out/5,Central,9200,0.0463874
W+2/RB1in/6,Backward,9200,0.0337046
W+2/RB1out/6,Backward,9200,0.024566
W+2/RB2in/6,Backward,9200,0.0218465
W+2/RB1out/6,Forward,9200,0.0405912
W+2/RB2in/6,Forward,9200,0.0226044
W+2/RB1in/6,Forward,9200,0.126927
W+2/RB4/6-,Forward,9200,0.100603
W+2/RB4/6+,Forward,9200,0.0576241
W+2/RB3/6-,Forward,9200,0.0659889
W+2/RB3/6+,Forward,9200,0.0593683
W+2/RB4/6-,Backward,9200,0.0633744
W+2/RB4/6+,Backward,9200,0.066106
W+2/RB3/6-,Backward,9200,0.103192
W+2/RB3/6+,Backward,9200,0.0636317
W+2/RB2out/6,Forward,9200,0.0392386
W+2/RB2out/6,Backward,9200,0.0234316
W+2/RB2out/6,Central,9200,0.0306094
W+2/RB2out/7,Central,9200,0.038368
W+2/RB2out/7,Forward,9200,0.0136265
W+2/RB2out/7,Backward,9200,0.0233543
W+2/RB3/7-,Backward,9200,0.0506373
W+2/RB3/7+,Backward,9200,0.024789
W+2/RB4/7-,Backward,9200,0.0524767
W+2/RB4/7+,Backward,9200,0.0703045
W+2/RB3/7-,Forward,9200,0.0335897
W+2/RB3/7+,Forward,9200,0.0145135
W+2/RB4/7-,Forward,9200,0.0360053
W+2/RB4/7+,Forward,9200,0.0806263
W+2/RB1in/7,Backward,9200,0.0323776
W+2/RB1out/7,Backward,9200,0.0716287
W+2/RB2in/7,Backward,9200,0.0381196
W+2/RB2in/7,Forward,9200,0.0271039
W+2/RB1in/7,Forward,9200,0.0626829
W+2/RB1out/7,Forward,9200,0.0351565
W+2/RB1out/8,Backward,9200,0.0814655
W+2/RB2in/8,Backward,9200,0.0258819
W+2/RB1in/8,Backward,9200,0.0231379
W+2/RB4/8-,Forward,9200,0.0403648
W+2/RB4/8+,Forward,9200,0.0305752
W+2/RB3/8-,Forward,9200,0.0979839
W+2/RB3/8+,Forward,9200,0.0494458
W+2/RB4/8-,Backward,9200,0.0462594
W+2/RB4/8+,Backward,9200,1.49389
W+2/RB3/8-,Backward,9200,0.0585579
W+2/RB3/8+,Backward,9200,0.0868367
W+2/RB2in/8,Forward,9200,0.264276
W+2/RB1out/8,Forward,9200,0.0575881
W+2/RB1in/8,Forward,9200,0.0295876
W+2/RB2out/8,Backward,9200,0.338595
W+2/RB2out/8,Forward,9200,0.283177
W+2/RB2out/8,Central,9200,0.548143
W+2/RB4/9,Forward,9200,1.44427
W+2/RB3/9-,Forward,9200,0.101042
W+2/RB3/9+,Forward,9200,0.0567905
W+2/RB1in/9,Forward,9200,0.0534268
W+2/RB2in/9,Forward,9200,0.393599
W+2/RB1out/9,Forward,9200,0.0237742
W+2/RB4/9,Backward,9200,5.82715
W+2/RB3/9-,Backward,9200,0.0984869
W+2/RB3/9+,Backward,9200,0.132505
W+2/RB2out/9,Forward,9200,0.115541
W+2/RB2out/9,Central,9200,0.118875
W+2/RB2out/9,Backward,9200,0.0637917
W+2/RB2in/9,Backward,9200,0.458928
W+2/RB1in/9,Backward,9200,0.0322723
W+2/RB1out/9,Backward,9200,0.0197345
W+2/RB2out/1,Central,9200,0.25716
W+2/RB2out/1,Forward,9200,0.101851
W+2/RB2out/1,Backward,9200,0.0591374
W+2/RB1out/1,Forward,9200,0.00945474
W+2/RB2in/1,Forward,9200,0.0106216
W+2/RB1in/1,Forward,9200,0.0200021
W+2/RB1out/1,Backward,9200,0.075641
W+2/RB2in/1,Backward,9200,0.0083167
W+2/RB1in/1,Backward,9200,0.0136757
W+2/RB3/1-,Forward,9200,0.0171184
W+2/RB3/1+,Forward,9200,0.75694
W+2/RB4/1-,Forward,9200,0.0573898
W+2/RB4/1+,Forward,9200,0.178311
W+2/RB3/1-,Backward,9200,0.0312049
W+2/RB3/1+,Backward,9200,1.70586
W+2/RB4/1-,Backward,9200,0.0973729
W+2/RB4/1+,Backward,9200,0.291399
W+2/RB4/2-,Backward,9200,0.0405312
W+2/RB4/2+,Backward,9200,0.556781
W+2/RB3/2-,Backward,9200,0.0766387
W+2/RB3/2+,Backward,9200,0.0395113
W+2/RB2out/2,Central,9200,0.0512203
W+2/RB2out/2,Forward,9200,0.0140615
W+2/RB2out/2,Backward,9200,0.032108
W+2/RB1in/2,Forward,9200,0.0560011
W+2/RB2in/2,Forward,9200,0.0754309
W+2/RB1out/2,Forward,9200,0.0333551
W+2/RB3/2-,Forward,9200,0.111453
W+2/RB3/2+,Forward,9200,0.0406207
W+2/RB4/2-,Forward,9200,0.0481527
W+2/RB4/2+,Forward,9200,0.191357
W+2/RB2in/2,Backward,9200,0.0167077
W+2/RB1out/2,Backward,9200,0.0199427
W+2/RB1in/2,Backward,9200,0.0248797
W+2/RB2out/3,Backward,9200,0.0313003
W+2/RB2out/3,Central,9200,0.0455947
W+2/RB2out/3,Forward,9200,0.0868918
W+2/RB1out/3,Backward,9200,0.0164505
W+2/RB1in/3,Backward,9200,0.0348809
W+2/RB2in/3,Backward,9200,0.0134883
W+2/RB4/3-,Backward,9200,0.012082
W+2/RB4/3+,Backward,9200,0.0341218
W+2/RB3/3-,Backward,9200,0.0283474
W+2/RB3/3+,Backward,9200,0.0344413
W+2/RB2in/3,Forward,9200,0.0257837
W+2/RB1in/3,Forward,9200,0.0669302
W+2/RB1out/3,Forward,9200,0.0703594
W+2/RB4/3-,Forward,9200,0.0168347
W+2/RB4/3+,Forward,9200,0.0493475
W+2/RB3/3-,Forward,9200,0.0560728
W+2/RB3/3+,Forward,9200,0.0221624
W+2/RB4/10+,Forward,9200,0.0325407
W+2/RB4/10-,Forward,9200,0.0141902
W+2/RB3/10-,Forward,9200,0.050315
W+2/RB3/10+,Forward,9200,0.0471025
W+2/RB1out/10,Forward,9200,0.00974602
W+2/RB2in/10,Forward,9200,0.0911266
W+2/RB1in/10,Forward,9200,0.0359466
W+2/RB1in/10,Backward,9200,0.0190377
W+2/RB2in/10,Backward,9200,0.0783882
W+2/RB1out/10,Backward,9200,0.0203186
W+2/RB2out/10,Backward,9200,0.0365083
W+2/RB2out/10,Forward,9200,0.0342832
W+2/RB2out/10,Central,9200,0.0426932
W+2/RB4/10-,Backward,9200,0.0137147
W+2/RB3/10-,Backward,9200,0.0357985
W+2/RB3/10+,Backward,9200,0.0615341
W+2/RB4/10+,Backward,9200,0.0191077
W+2/RB3/11-,Forward,9200,0.0258199
W+2/RB3/11+,Forward,9200,0.068398
W+2/RB4/11,Forward,9200,0.0109549
W+2/RB2in/11,Forward,9200,0.0154352
W+2/RB1out/11,Forward,9200,0.240241
W+2/RB1in/11,Forward,9200,0.041365
W+2/RB2out/11,Central,9200,0.0189124
W+2/RB2out/11,Backward,9200,0.0201337
W+2/RB2out/11,Forward,9200,0.02187
W+2/RB3/11-,Backward,9200,0.0233391
W+2/RB3/11+,Backward,9200,0.0316365
W+2/RB4/11,Backward,9200,0.00895778
W+2/RB1in/11,Backward,9200,0.0942872
W+2/RB2in/11,Backward,9200,0.0138809
W+2/RB1out/11,Backward,9200,0.0913211
W+2/RB1out/12,Forward,9200,0.0646586
W+2/RB2in/12,Forward,9200,0.0751751
W+2/RB1in/12,Forward,9200,0.121932
W+2/RB4/12-,Forward,9200,0.0138712
W+2/RB4/12+,Forward,9200,0.0389992
W+2/RB3/12-,Forward,9200,0.0342837
W+2/RB3/12+,Forward,9200,0.0170041
W+2/RB1out/12,Backward,9200,0.049146
W+2/RB2in/12,Backward,9200,0.0466261
W+2/RB1in/12,Backward,9200,0.107358
W+2/RB4/12-,Backward,9200,0.0139643
W+2/RB4/12+,Backward,9200,0.0300783
W+2/RB3/12-,Backward,9200,0.0165505
W+2/RB3/12+,Backward,9200,0.0234978
W+2/RB2out/12,Backward,9200,0.0377904
W+2/RB2out/12,Forward,9200,0.211557
W+2/RB2out/12,Central,9200,0.100113
W0/RB2in/4,Forward,9200,0.0684454
W0/RB2in/4,Central,9200,0.160621
W0/RB2in/4,Backward,9200,0.27087
W0/RB2out/4,Backward,9200,0.0190856
W0/RB1out/4,Backward,9200,0.0459016
W0/RB1in/4,Backward,9200,0.0242403
W0/RB3/4+,Forward,9200,0.0873755
W0/RB3/4-,Forward,9200,0.031683
W0/RB4/4--,Forward,9200,0.0310857
W0/RB4/4-,Forward,9200,0.0263407
W0/RB4/4+,Forward,9200,0.0266463
W0/RB4/4++,Forward,9200,0.0248969
W0/RB1out/4,Forward,9200,0.048042
W0/RB2out/4,Forward,9200,0.0282881
W0/RB1in/4,Forward,9200,0.0329867
W0/RB4/4+,Backward,9200,0.0246223
W0/RB4/4++,Backward,9200,0.0319488
W0/RB4/4--,Backward,9200,0.0384522
W0/RB4/4-,Backward,9200,0.0195939
W0/RB3/4+,Backward,9200,0.105133
W0/RB3/4-,Backward,9200,0.0404415
W0/RB2in/5,Backward,9200,0.0318899
W0/RB2in/5,Forward,9200,0.143167
W0/RB2in/5,Central,9200,0.0425543
W0/RB4/5+,Backward,9200,0.0305595
W0/RB4/5-,Backward,9200,0.0256757
W0/RB3/5+,Backward,9200,0.0188474
W0/RB3/5-,Backward,9200,0.0175627
W0/RB2out/5,Forward,9200,0.0857171
W0/RB1in/5,Forward,9200,0.0694503
W0/RB1out/5,Forward,9200,0.0309774
W0/RB3/5+,Forward,9200,0.0378099
W0/RB3/5-,Forward,9200,0.0178597
W0/RB4/5+,Forward,9200,0.0409317
W0/RB4/5-,Forward,9200,0.0246031
W0/RB1in/5,Backward,9200,0.0288225
W0/RB2out/5,Backward,9200,0.052012
W0/RB1out/5,Backward,9200,0.0319335
W0/RB1out/6,Forward,9200,0.0798083
W0/RB1in/6,Forward,9200,0.0180609
W0/RB2out/6,Forward,9200,0.569895
W0/RB4/6-,Backward,9200,0.0181561
W0/RB4/6+,Backward,9200,0.028563
W0/RB3/6-,Backward,9200,0.0241669
W0/RB3/6+,Backward,9200,0.0163159
W0/RB1in/6,Backward,9200,0.017293
W0/RB2out/6,Backward,9200,0.110763
W0/RB1out/6,Backward,9200,1.4146
W0/RB2in/6,Forward,9200,0.0258632
W0/RB2in/6,Backward,9200,0.0396526
W0/RB2in/6,Central,9200,0.767187
W0/RB3/6-,Forward,9200,0.0185212
W0/RB3/6+,Forward,9200,0.0212005
W0/RB4/6-,Forward,9200,0.024401
W0/RB4/6+,Forward,9200,0.0242866
W0/RB4/7-,Forward,9200,1.23578
W0/RB4/7+,Forward,9200,0.00987082
W0/RB3/7-,Forward,9200,0.0836556
W0/RB3/7+,Forward,9200,0.0628134
W0/RB2in/7,Central,9200,0.0374715
W0/RB2in/7,Backward,9200,0.0134418
W0/RB2in/7,Forward,9200,0.0353427
W0/RB4/7-,Backward,9200,0.038116
W0/RB4/7+,Backward,9200,0.0100196
W0/RB3/7-,Backward,9200,0.0157877
W0/RB3/7+,Backward,9200,0.0604941
W0/RB2out/7,Forward,9200,0.044574
W0/RB1in/7,Forward,9200,0.00832269
W0/RB1out/7,Forward,9200,0.0130519
W0/RB2out/7,Backward,9200,0.0115522
W0/RB1in/7,Backward,9200,0.0054678
W0/RB1out/7,Backward,9200,0.00892351
W0/RB1out/8,Forward,9200,0.0202652
W0/RB2out/8,Forward,9200,0.867576
W0/RB1in/8,Forward,9200,0.0171832
W0/RB3/8+,Forward,9200,0.0565654
W0/RB3/8-,Forward,9200,0.00964357
W0/RB4/8+,Forward,9200,0.0347764
W0/RB4/8-,Forward,9200,0.0585096
W0/RB1out/8,Backward,9200,0.0114755
W0/RB1in/8,Backward,9200,0.012366
W0/RB2out/8,Backward,9200,0.324503
W0/RB4/8+,Backward,9200,0.0934611
W0/RB4/8-,Backward,9200,0.028955
W0/RB3/8+,Backward,9200,0.0684936
W0/RB3/8-,Backward,9200,0.0284548
W0/RB2in/8,Central,9200,0.0495312
W0/RB2in/8,Backward,9200,0.0419761
W0/RB2in/8,Forward,9200,0.0688461
W0/RB2in/9,Central,9200,0.0217369
W0/RB2in/9,Forward,9200,0.0659643
W0/RB2in/9,Backward,9200,0.0184043
W0/RB4/9,Forward,9200,0.0198711
W0/RB3/9+,Forward,9200,0.034244
W0/RB3/9-,Forward,9200,0.02912
W0/RB1in/9,Backward,9200,0.0515278
W0/RB1out/9,Backward,9200,0.0172309
W0/RB2out/9,Backward,9200,0.0435066
W0/RB1in/9,Forward,9200,0.0335777
W0/RB1out/9,Forward,9200,0.017814
W0/RB2out/9,Forward,9200,0.0399732
W0/RB3/9+,Backward,9200,0.0204005
W0/RB3/9-,Backward,9200,0.0352004
W0/RB4/9,Backward,9200,0.0157923
W0/RB4/1+,Forward,9200,0.0147113
W0/RB4/1-,Forward,9200,0.0170866
W0/RB3/1+,Forward,9200,0.0764871
W0/RB3/1-,Forward,9200,0.0423532
W0/RB2out/1,Forward,9200,0.0394366
W0/RB1in/1,Forward,9200,0.0299464
W0/RB1out/1,Forward,9200,0.03328
W0/RB2in/1,Central,9200,0.0234338
W0/RB2in/1,Forward,9200,0.0435247
W0/RB2in/1,Backward,9200,0.0124179
W0/RB4/1+,Backward,9200,0.0314465
W0/RB4/1-,Backward,9200,0.0113365
W0/RB3/1+,Backward,9200,0.0596228
W0/RB3/1-,Backward,9200,0.035749
W0/RB1in/1,Backward,9200,0.0116061
W0/RB2out/1,Backward,9200,0.0337324
W0/RB1out/1,Backward,9200,0.0146268
W0/RB4/2-,Forward,9200,0.0748791
W0/RB4/2+,Forward,9200,0.0283025
W0/RB3/2-,Forward,9200,0.148
W0/RB3/2+,Forward,9200,0.0326904
W0/RB3/2-,Backward,9200,0.0957086
W0/RB3/2+,Backward,9200,0.059875
W0/RB4/2-,Backward,9200,0.0379484
W0/RB4/2+,Backward,9200,0.0249017
W0/RB2in/2,Backward,9200,0.0250105
W0/RB2in/2,Central,9200,0.0876435
W0/RB2in/2,Forward,9200,0.0387372
W0/RB1in/2,Backward,9200,0.158514
W0/RB2out/2,Backward,9200,0.0278215
W0/RB1out/2,Backward,9200,0.0361876
W0/RB2out/2,Forward,9200,0.0256585
W0/RB1in/2,Forward,9200,0.0339183
W0/RB1out/2,Forward,9200,0.0358509
W0/RB1out/3,Backward,9200,0.0171306
W0/RB1in/3,Backward,9200,0.0214943
W0/RB2out/3,Backward,9200,0.0315462
W0/RB2out/3,Forward,9200,0.0539316
W0/RB1out/3,Forward,9200,0.0265413
W0/RB1in/3,Forward,9200,0.0337029
W0/RB4/3-,Forward,9200,0.0400802
W0/RB4/3+,Forward,9200,0.0437123
W0/RB3/3-,Forward,9200,0.0456388
W0/RB3/3+,Forward,9200,0.02887
W0/RB2in/3,Backward,9200,0.0329459
W0/RB2in/3,Forward,9200,0.120055
W0/RB2in/3,Central,9200,0.0444926
W0/RB3/3-,Backward,9200,0.0322991
W0/RB3/3+,Backward,9200,0.0328558
W0/RB4/3-,Backward,9200,0.0340616
W0/RB4/3+,Backward,9200,0.0275426
W0/RB4/10+,Backward,9200,0.0112594
W0/RB3/10-,Backward,9200,0.0484896
W0/RB3/10+,Backward,9200,0.0187063
W0/RB4/10-,Backward,9200,0.0140292
W0/RB1in/10,Backward,9200,0.0179109
W0/RB2out/10,Backward,9200,0.0348919
W0/RB1out/10,Backward,9200,0.0222383
W0/RB2in/10,Central,9200,0.060262
W0/RB2in/10,Backward,9200,0.055979
W0/RB2in/10,Forward,9200,0.0816003
W0/RB4/10-,Forward,9200,0.0128794
W0/RB3/10-,Forward,9200,0.148861
W0/RB3/10+,Forward,9200,0.0281826
W0/RB4/10+,Forward,9200,0.0125995
W0/RB1in/10,Forward,9200,0.0330075
W0/RB2out/10,Forward,9200,0.0609321
W0/RB1out/10,Forward,9200,0.0387244
W0/RB2out/11,Forward,9200,0.164759
W0/RB1out/11,Forward,9200,0.0645843
W0/RB1in/11,Forward,9200,0.0365668
W0/RB3/11-,Forward,9200,0.157688
W0/RB3/11+,Forward,9200,0.0232791
W0/RB4/11,Forward,9200,0.0384515
W0/RB2in/11,Backward,9200,4.10196
W0/RB2in/11,Forward,9200,0.0833913
W0/RB2in/11,Central,9200,1.92684
W0/RB4/11,Backward,9200,0.022053
W0/RB3/11-,Backward,9200,0.0198934
W0/RB3/11+,Backward,9200,0.0201653
W0/RB1in/11,Backward,9200,0.0438824
W0/RB2out/11,Backward,9200,0.0720701
W0/RB1out/11,Backward,9200,0.507453
W0/RB4/12+,Backward,9200,0.0199926
W0/RB4/12-,Backward,9200,0.043812
W0/RB3/12+,Backward,9200,0.0686983
W0/RB3/12-,Backward,9200,0.0244164
W0/RB2in/12,Central,9200,0.0408249
W0/RB2in/12,Forward,9200,0.0228149
W0/RB2in/12,Backward,9200,0.0166293
W0/RB1in/12,Backward,9200,0.0198454
W0/RB2out/12,Backward,9200,2.39359
W0/RB1out/12,Backward,9200,0.0199705
W0/RB2out/12,Forward,9200,2.97542
W0/RB1in/12,Forward,9200,0.0746372
W0/RB1out/12,Forward,9200,0.0439723
W0/RB3/12+,Forward,9200,0.0805273
W0/RB3/12-,Forward,9200,0.0216756
W0/RB4/12+,Forward,9200,0.0204871
W0/RB4/12-,Forward,9200,0.0524629
W-1/RB1out/4,Forward,9200,0
W-1/RB1in/4,Forward,9200,0.0569471
W-1/RB2out/4,Forward,9200,0.0672249
W-1/RB1in/4,Backward,9200,0.0204053
W-1/RB1out/4,Backward,9200,0
W-1/RB2out/4,Backward,9200,0.0784438
W-1/RB2in/4,Backward,9200,0.0553655
W-1/RB2in/4,Central,9200,0
W-1/RB2in/4,Forward,9200,0.0970915
W-1/RB4/4-,Forward,9200,0.0291759
W-1/RB4/4--,Forward,9200,0.030226
W-1/RB3/4+,Forward,9200,0.158987
W-1/RB3/4-,Forward,9200,0.557111
W-1/RB4/4++,Forward,9200,0.0448701
W-1/RB4/4+,Forward,9200,0.0242504
W-1/RB4/4++,Backward,9200,0.0526788
W-1/RB4/4+,Backward,9200,0.0233664
W-1/RB3/4+,Backward,9200,0.442949
W-1/RB3/4-,Backward,9200,0.124587
W-1/RB4/4-,Backward,9200,0.0210815
W-1/RB4/4--,Backward,9200,0.0202234
W-1/RB2in/5,Forward,9200,0.0167498
W-1/RB2in/5,Backward,9200,0.00776616
W-1/RB2in/5,Central,9200,0.00850378
W-1/RB2out/5,Forward,9200,0.0288044
W-1/RB1out/5,Forward,9200,0.026458
W-1/RB1in/5,Forward,9200,0.0404574
W-1/RB3/5+,Forward,9200,0.0393461
W-1/RB3/5-,Forward,9200,0
W-1/RB4/5+,Forward,9200,0.0154049
W-1/RB4/5-,Forward,9200,0.0289306
W-1/RB3/5+,Backward,9200,0.0336182
W-1/RB3/5-,Backward,9200,0
W-1/RB4/5+,Backward,9200,0.0269084
W-1/RB4/5-,Backward,9200,0.0277304
W-1/RB1in/5,Backward,9200,0.0388496
W-1/RB2out/5,Backward,9200,0.0230618
W-1/RB1out/5,Backward,9200,0.0180501
W-1/RB2in/6,Central,9200,0.171637
W-1/RB2in/6,Forward,9200,0.0665821
W-1/RB2in/6,Backward,9200,0.0523846
W-1/RB2out/6,Backward,9200,0.0403975
W-1/RB1out/6,Backward,9200,0.0425049
W-1/RB1in/6,Backward,9200,0.0400831
W-1/RB4/6+,Forward,9200,0.0116497
W-1/RB4/6-,Forward,9200,0.0544212
W-1/RB3/6+,Forward,9200,0.0338224
W-1/RB3/6-,Forward,9200,0.0219548
W-1/RB4/6+,Backward,9200,0.0107937
W-1/RB4/6-,Backward,9200,0.0692853
W-1/RB3/6+,Backward,9200,0.02667
W-1/RB3/6-,Backward,9200,0.0119164
W-1/RB1in/6,Forward,9200,0.0285343
W-1/RB1out/6,Forward,9200,0.0362409
W-1/RB2out/6,Forward,9200,0.0418151
W-1/RB4/7+,Backward,9200,0.016495
W-1/RB4/7-,Backward,9200,0.0121662
W-1/RB3/7+,Backward,9200,0.0236185
W-1/RB3/7-,Backward,9200,0.0429589
W-1/RB1out/7,Forward,9200,0.0127856
W-1/RB2out/7,Forward,9200,0.0121181
W-1/RB1in/7,Forward,9200,0.0163547
W-1/RB2in/7,Forward,9200,0.0255966
W-1/RB2in/7,Backward,9200,0.0334692
W-1/RB2in/7,Central,9200,0.044706
W-1/RB2out/7,Backward,9200,0.00920332
W-1/RB1out/7,Backward,9200,0.0144467
W-1/RB1in/7,Backward,9200,0.00776846
W-1/RB3/7+,Forward,9200,0.0125336
W-1/RB3/7-,Forward,9200,0.0276636
W-1/RB4/7+,Forward,9200,0.0130169
W-1/RB4/7-,Forward,9200,0.0309977
W-1/RB1out/8,Forward,9200,0.0162212
W-1/RB2out/8,Forward,9200,0.0809763
W-1/RB1in/8,Forward,9200,0.0288188
W-1/RB1in/8,Backward,9200,0.0124819
W-1/RB2out/8,Backward,9200,0.0543814
W-1/RB1out/8,Backward,9200,0.0108509
W-1/RB3/8+,Backward,9200,0.0559505
W-1/RB3/8-,Backward,9200,0.0932937
W-1/RB4/8+,Backward,9200,0.0424935
W-1/RB4/8-,Backward,9200,0.0354031
W-1/RB3/8+,Forward,9200,0.0937608
W-1/RB3/8-,Forward,9200,0.0998829
W-1/RB4/8+,Forward,9200,0.0174916
W-1/RB4/8-,Forward,9200,0.0335925
W-1/RB2in/8,Forward,9200,0.0479754
W-1/RB2in/8,Backward,9200,0.0261653
W-1/RB2in/8,Central,9200,0.0382036
W-1/RB4/9,Backward,9200,1.2927
W-1/RB3/9+,Backward,9200,0.0434575
W-1/RB3/9-,Backward,9200,0.0188114
W-1/RB2out/9,Forward,9200,0.015078
W-1/RB1out/9,Forward,9200,0.0212655
W-1/RB1in/9,Forward,9200,0.08738
W-1/RB1in/9,Backward,9200,0.011292
W-1/RB2out/9,Backward,9200,0.0632102
W-1/RB1out/9,Backward,9200,0.0203814
W-1/RB2in/9,Forward,9200,0.0407236
W-1/RB2in/9,Backward,9200,0.0360768
W-1/RB2in/9,Central,9200,0.0301504
W-1/RB3/9+,Forward,9200,0.0340222
W-1/RB3/9-,Forward,9200,0.0163226
W-1/RB4/9,Forward,9200,0.650222
W-1/RB2in/1,Central,9200,0.0312336
W-1/RB2in/1,Forward,9200,0.0323874
W-1/RB2in/1,Backward,9200,0.013065
W-1/RB1out/1,Backward,9200,0.0091434
W-1/RB2out/1,Backward,9200,0.0130673
W-1/RB1in/1,Backward,9200,0.0100729
W-1/RB3/1+,Forward,9200,0.0170503
W-1/RB3/1-,Forward,9200,0.0243547
W-1/RB4/1+,Forward,9200,0.0215669
W-1/RB4/1-,Forward,9200,0.0420694
W-1/RB1in/1,Forward,9200,0.0167162
W-1/RB2out/1,Forward,9200,0.0129352
W-1/RB1out/1,Forward,9200,0.0170355
W-1/RB3/1+,Backward,9200,0.0209039
W-1/RB3/1-,Backward,9200,0.0559143
W-1/RB4/1+,Backward,9200,0.0281933
W-1/RB4/1-,Backward,9200,0.0153935
W-1/RB4/2+,Forward,9200,0.0349753
W-1/RB4/2-,Forward,9200,0.0556639
W-1/RB3/2+,Forward,9200,0.0173631
W-1/RB3/2-,Forward,9200,0.0327717
W-1/RB1in/2,Forward,9200,0.0438762
W-1/RB1out/2,Forward,9200,0.100578
W-1/RB2out/2,Forward,9200,0.0595358
W-1/RB1in/2,Backward,9200,0.0330263
W-1/RB2out/2,Backward,9200,0.0159374
W-1/RB1out/2,Backward,9200,0.0348405
W-1/RB3/2+,Backward,9200,0.0229002
W-1/RB3/2-,Backward,9200,0.0367632
W-1/RB4/2+,Backward,9200,0.227493
W-1/RB4/2-,Backward,9200,0.0568659
W-1/RB2in/2,Forward,9200,0.0343209
W-1/RB2in/2,Central,9200,0.0504532
W-1/RB2in/2,Backward,9200,0.0343174
W-1/RB2in/3,Forward,9200,0.0402534
W-1/RB2in/3,Central,9200,0.0346329
W-1/RB2in/3,Backward,9200,0.017433
W-1/RB3/3+,Forward,9200,0.0227423
W-1/RB3/3-,Forward,9200,0.0219202
W-1/RB4/3+,Forward,9200,0.0237871
W-1/RB4/3-,Forward,9200,0.0215359
W-1/RB2out/3,Backward,9200,0.0165339
W-1/RB1out/3,Backward,9200,0.0153834
W-1/RB1in/3,Backward,9200,0.0176935
W-1/RB3/3+,Backward,9200,0.0202116
W-1/RB3/3-,Backward,9200,0.0146944
W-1/RB4/3+,Backward,9200,0.0284629
W-1/RB4/3-,Backward,9200,0.0270919
W-1/RB2out/3,Forward,9200,0.0137557
W-1/RB1in/3,Forward,9200,0.0158952
W-1/RB1out/3,Forward,9200,0.0262592
W-1/RB2in/10,Central,9200,0.015612
W-1/RB2in/10,Forward,9200,0.025648
W-1/RB2in/10,Backward,9200,0.0161406
W-1/RB2out/10,Backward,9200,0.0234049
W-1/RB1in/10,Backward,9200,0.0144319
W-1/RB1out/10,Backward,9200,0.105504
W-1/RB4/10+,Backward,9200,0.0423306
W-1/RB4/10-,Backward,9200,0.0226181
W-1/RB3/10+,Backward,9200,0.0845119
W-1/RB3/10-,Backward,9200,0.0145712
W-1/RB4/10+,Forward,9200,0.0919981
W-1/RB3/10+,Forward,9200,0.0604536
W-1/RB3/10-,Forward,9200,0.0242983
W-1/RB4/10-,Forward,9200,0.0244358
W-1/RB2out/10,Forward,9200,0.0320842
W-1/RB1in/10,Forward,9200,0.0161789
W-1/RB1out/10,Forward,9200,0.0643468
W-1/RB4/11,Forward,9200,0.0155134
W-1/RB3/11+,Forward,9200,0.012397
W-1/RB3/11-,Forward,9200,0.0341686
W-1/RB1out/11,Backward,9200,0.0312293
W-1/RB1in/11,Backward,9200,0.0146289
W-1/RB2out/11,Backward,9200,0.0261505
W-1/RB2in/11,Central,9200,0.0832276
W-1/RB2in/11,Forward,9200,0.0283405
W-1/RB2in/11,Backward,9200,0.033573
W-1/RB4/11,Backward,9200,0.022602
W-1/RB3/11+,Backward,9200,0.012409
W-1/RB3/11-,Backward,9200,0.0289515
W-1/RB2out/11,Forward,9200,0.0315835
W-1/RB1in/11,Forward,9200,0.0142112
W-1/RB1out/11,Forward,9200,0.0289865
W-1/RB1out/12,Backward,9200,0.0182417
W-1/RB2out/12,Backward,9200,0.131942
W-1/RB1in/12,Backward,9200,0.00975622
W-1/RB4/12+,Backward,9200,0.0680484
W-1/RB4/12-,Backward,9200,0.0299944
W-1/RB3/12+,Backward,9200,0.0204162
W-1/RB3/12-,Backward,9200,0.0207992
W-1/RB3/12+,Forward,9200,0.0183886
W-1/RB3/12-,Forward,9200,0.0168554
W-1/RB4/12+,Forward,9200,0.111506
W-1/RB4/12-,Forward,9200,0.0599579
W-1/RB1in/12,Forward,9200,0.018229
W-1/RB1out/12,Forward,9200,0.00932385
W-1/RB2out/12,Forward,9200,0.130452
W-1/RB2in/12,Backward,9200,0.0497817
W-1/RB2in/12,Forward,9200,0.0455717
W-1/RB2in/12,Central,9200,0.0675539
W-2/RB1out/4,Forward,9200,0.0342494
W-2/RB1in/4,Forward,9200,0.0143225
W-2/RB2in/4,Forward,9200,0.0591905
W-2/RB2out/4,Forward,9200,0.0410908
W-2/RB2out/4,Central,9200,0.0320512
W-2/RB2out/4,Backward,9200,0.0255671
W-2/RB3/4+,Backward,9200,0.0147519
W-2/RB3/4-,Backward,9200,0.0183677
W-2/RB4/4-,Backward,9200,0.0243073
W-2/RB4/4--,Backward,9200,0.0232725
W-2/RB4/4++,Backward,9200,0.0116906
W-2/RB4/4+,Backward,9200,0.0194784
W-2/RB4/4++,Forward,9200,0.0154056
W-2/RB4/4+,Forward,9200,0.0151891
W-2/RB3/4+,Forward,9200,0.0212476
W-2/RB3/4-,Forward,9200,0.0184186
W-2/RB4/4-,Forward,9200,0.00700623
W-2/RB4/4--,Forward,9200,0.0245503
W-2/RB1in/4,Backward,9200,0.0138462
W-2/RB2in/4,Backward,9200,0.0858743
W-2/RB1out/4,Backward,9200,0.0164274
W-2/RB4/5+,Forward,9200,0.0285154
W-2/RB4/5-,Forward,9200,0.0184631
W-2/RB3/5+,Forward,9200,0.0257466
W-2/RB3/5-,Forward,9200,0.0486319
W-2/RB1in/5,Backward,9200,0.0162367
W-2/RB1out/5,Backward,9200,0.0124742
W-2/RB2in/5,Backward,9200,0
W-2/RB1out/5,Forward,9200,0.01566
W-2/RB1in/5,Forward,9200,0.00904587
W-2/RB2in/5,Forward,9200,0.0333392
W-2/RB3/5+,Backward,9200,0.0168358
W-2/RB3/5-,Backward,9200,0.0412784
W-2/RB4/5+,Backward,9200,0.012467
W-2/RB4/5-,Backward,9200,0.0204798
W-2/RB2out/5,Forward,9200,0.0366363
W-2/RB2out/5,Backward,9200,0.0414521
W-2/RB2out/5,Central,9200,0.038431
W-2/RB4/6+,Backward,9200,0.0919
W-2/RB4/6-,Backward,9200,0.00727305
W-2/RB3/6+,Backward,9200,0.012277
W-2/RB3/6-,Backward,9200,0.0178404
W-2/RB4/6+,Forward,9200,0.0560112
W-2/RB4/6-,Forward,9200,0.107616
W-2/RB3/6+,Forward,9200,0.0172026
W-2/RB3/6-,Forward,9200,0.0204678
W-2/RB2out/6,Forward,9200,0.0354718
W-2/RB2out/6,Central,9200,0.0333349
W-2/RB2out/6,Backward,9200,0.0237696
W-2/RB1out/6,Backward,9200,0.0160622
W-2/RB2in/6,Backward,9200,0.0558634
W-2/RB1in/6,Backward,9200,0.0108801
W-2/RB1in/6,Forward,9200,0.0197093
W-2/RB2in/6,Forward,9200,0.0373328
W-2/RB1out/6,Forward,9200,0.105264
W-2/RB2out/7,Backward,9200,0.0237757
W-2/RB2out/7,Central,9200,0.0468098
W-2/RB2out/7,Forward,9200,0.0840469
W-2/RB2in/7,Backward,9200,0.0752941
W-2/RB1in/7,Backward,9200,0.0347892
W-2/RB1out/7,Backward,9200,0.00929621
W-2/RB3/7+,Backward,9200,0.108477
W-2/RB3/7-,Backward,9200,0.0229137
W-2/RB4/7+,Backward,9200,0.0104763
W-2/RB4/7-,Backward,9200,0.0108742
W-2/RB2in/7,Forward,9200,0.382963
W-2/RB1in/7,Forward,9200,0.0255702
W-2/RB1out/7,Forward,9200,0.0245751
W-2/RB3/7+,Forward,9200,0.077495
W-2/RB3/7-,Forward,9200,0.03245
W-2/RB4/7+,Forward,9200,0.0265661
W-2/RB4/7-,Forward,9200,0.0234857
W-2/RB2out/8,Forward,9200,0.0438732
W-2/RB2out/8,Backward,9200,0.0245557
W-2/RB2out/8,Central,9200,0.0825573
W-2/RB4/8+,Backward,9200,0.019134
W-2/RB4/8-,Backward,9200,0.0382272
W-2/RB3/8+,Backward,9200,0.011837
W-2/RB3/8-,Backward,9200,0.0276541
W-2/RB1in/8,Backward,9200,0.0162969
W-2/RB1out/8,Backward,9200,0.0255849
W-2/RB2in/8,Backward,9200,0.282592
W-2/RB3/8+,Forward,9200,0.0184966
W-2/RB3/8-,Forward,9200,0.0675082
W-2/RB4/8+,Forward,9200,0.0136657
W-2/RB4/8-,Forward,9200,0.0367348
W-2/RB2in/8,Forward,9200,0.284465
W-2/RB1in/8,Forward,9200,0.0235296
W-2/RB1out/8,Forward,9200,0.0584299
W-2/RB2out/9,Forward,9200,0.0759634
W-2/RB2out/9,Central,9200,0.0259229
W-2/RB2out/9,Backward,9200,0.0421586
W-2/RB4/9,Forward,9200,0.0272027
W-2/RB3/9+,Forward,9200,0.0269018
W-2/RB3/9-,Forward,9200,0.0467932
W-2/RB1out/9,Forward,9200,0.0461274
W-2/RB1in/9,Forward,9200,0.0147306
W-2/RB2in/9,Forward,9200,0.142491
W-2/RB1in/9,Backward,9200,0.0097255
W-2/RB1out/9,Backward,9200,0.0180968
W-2/RB2in/9,Backward,9200,0.0412943
W-2/RB3/9+,Backward,9200,0.0238655
W-2/RB3/9-,Backward,9200,0.0233195
W-2/RB4/9,Backward,9200,0.0257151
W-2/RB1out/1,Backward,9200,0.0077015
W-2/RB2in/1,Backward,9200,0.0288195
W-2/RB1in/1,Backward,9200,0.0128672
W-2/RB3/1+,Forward,9200,0.0315437
W-2/RB3/1-,Forward,9200,0.0200044
W-2/RB4/1+,Forward,9200,0.0248977
W-2/RB4/1-,Forward,9200,0.0128813
W-2/RB2out/1,Backward,9200,0.0208573
W-2/RB2out/1,Central,9200,0.0639612
W-2/RB2out/1,Forward,9200,0.0482731
W-2/RB4/1+,Backward,9200,0.0449428
W-2/RB4/1-,Backward,9200,0.0346839
W-2/RB3/1+,Backward,9200,0.0368322
W-2/RB3/1-,Backward,9200,0.0416389
W-2/RB1in/1,Forward,9200,0.0116964
W-2/RB2in/1,Forward,9200,0.0687704
W-2/RB1out/1,Forward,9200,0.0214977
W-2/RB4/2+,Backward,9200,0.0339346
W-2/RB4/2-,Backward,9200,0.0275405
W-2/RB3/2+,Backward,9200,0.0260444
W-2/RB3/2-,Backward,9200,0.0185438
W-2/RB2out/2,Central,9200,0.0323544
W-2/RB2out/2,Backward,9200,0.0372438
W-2/RB2out/2,Forward,9200,0.033358
W-2/RB1in/2,Backward,9200,0.00842093
W-2/RB2in/2,Backward,9200,0.00862598
W-2/RB1out/2,Backward,9200,0.0223053
W-2/RB1in/2,Forward,9200,0.0100679
W-2/RB2in/2,Forward,9200,0.0105315
W-2/RB1out/2,Forward,9200,0.0328677
W-2/RB3/2+,Forward,9200,0.0164203
W-2/RB3/2-,Forward,9200,0.0437701
W-2/RB4/2+,Forward,9200,0.0733198
W-2/RB4/2-,Forward,9200,0.036561
W-2/RB2out/3,Forward,9200,0.0304493
W-2/RB2out/3,Central,9200,0.0892704
W-2/RB2out/3,Backward,9200,0.0512491
W-2/RB3/3+,Forward,9200,0.0423246
W-2/RB3/3-,Forward,9200,0.0235191
W-2/RB4/3+,Forward,9200,0.0160161
W-2/RB4/3-,Forward,9200,0.396564
W-2/RB1out/3,Backward,9200,0.0159525
W-2/RB2in/3,Backward,9200,0.0527316
W-2/RB1in/3,Backward,9200,0.0200332
W-2/RB2in/3,Forward,9200,0.132308
W-2/RB1in/3,Forward,9200,0.0630443
W-2/RB1out/3,Forward,9200,0.021679
W-2/RB3/3+,Backward,9200,0.0164805
W-2/RB3/3-,Backward,9200,0.0242547
W-2/RB4/3+,Backward,9200,0.0206332
W-2/RB4/3-,Backward,9200,0.605171
W-2/RB4/10+,Forward,9200,0.0129106
W-2/RB4/10-,Forward,9200,0.0378186
W-2/RB3/10+,Forward,9200,0.0125668
W-2/RB3/10-,Forward,9200,0.0528376
W-2/RB2out/10,Backward,9200,0.0873005
W-2/RB2out/10,Central,9200,0.128843
W-2/RB2out/10,Forward,9200,0.130446
W-2/RB4/10+,Backward,9200,0.0114815
W-2/RB4/10-,Backward,9200,0.0376354
W-2/RB3/10+,Backward,9200,0.011403
W-2/RB3/10-,Backward,9200,0.0327074
W-2/RB2in/10,Forward,9200,0.026733
W-2/RB1in/10,Forward,9200,0.0140252
W-2/RB1out/10,Forward,9200,0.0262892
W-2/RB2in/10,Backward,9200,0.0267537
W-2/RB1in/10,Backward,9200,0.0240521
W-2/RB1out/10,Backward,9200,0.0233815
W-2/RB2out/11,Backward,9200,0.0361476
W-2/RB2out/11,Forward,9200,0.0273842
W-2/RB2out/11,Central,9200,0.0756009
W-2/RB4/11,Backward,9200,0.00750589
W-2/RB3/11+,Backward,9200,0.0382944
W-2/RB3/11-,Backward,9200,0.0210465
W-2/RB1out/11,Backward,9200,0.0564121
W-2/RB2in/11,Backward,9200,0.170154
W-2/RB1in/11,Backward,9200,0.134367
W-2/RB4/11,Forward,9200,0.0222915
W-2/RB3/11+,Forward,9200,0.0215276
W-2/RB3/11-,Forward,9200,0.021833
W-2/RB2in/11,Forward,9200,0.0913568
W-2/RB1in/11,Forward,9200,0.0737573
W-2/RB1out/11,Forward,9200,0.0439936
W-2/RB4/12+,Forward,9200,0.0255881
W-2/RB4/12-,Forward,9200,0.0177251
W-2/RB3/12+,Forward,9200,0.015636
W-2/RB3/12-,Forward,9200,0.0203836
W-2/RB1out/12,Forward,9200,0
W-2/RB1in/12,Forward,9200,0.0555852
W-2/RB2in/12,Forward,9200,0.0832462
W-2/RB3/12+,Backward,9200,0.0176076
W-2/RB3/12-,Backward,9200,0.0185201
W-2/RB4/12+,Backward,9200,0.025332
W-2/RB4/12-,Backward,9200,0.0156312
W-2/RB2out/12,Central,9200,0.845647
W-2/RB2out/12,Backward,9200,0.0290308
W-2/RB2out/12,Forward,9200,0.0295123
W-2/RB1in/12,Backward,9200,0.0955054
W-2/RB1out/12,Backward,9200,0
W-2/RB2in/12,Backward,9200,0.126886
RE+1/3/11,A,9200,0.057003
RE+1/3/11,B,9200,0.0451062
RE+1/3/11,C,9200,0.0467685
RE+1/3/10,A,9200,0.0163151
RE+1/3/10,B,9200,0.0180001
RE+1/3/10,C,9200,0.0132704
RE+1/3/9,A,9200,0.0692168
RE+1/3/9,B,9200,0.0466195
RE+1/3/9,C,9200,0.0484027
RE+2/2/12,A,9200,0.0645814
RE+2/2/12,B,9200,0.116499
RE+2/2/12,C,9200,0.0690743
RE+2/2/13,A,9200,0.0262531
RE+2/2/13,B,9200,0.014733
RE+2/2/13,C,9200,0.0204328
RE+2/2/11,A,9200,0.0447742
RE+2/2/11,B,9200,0.0226822
RE+2/2/11,C,9200,0.0327443
RE+2/3/11,A,9200,0.240159
RE+2/3/11,B,9200,0.169685
RE+2/3/11,C,9200,0.184466
RE+2/3/12,A,9200,0.0286604
RE+2/3/12,B,9200,0.0138486
RE+2/3/12,C,9200,0.0215721
RE+2/3/13,A,9200,0.310695
RE+2/3/13,B,9200,0.0725227
RE+2/3/13,C,9200,0.0185807
RE+1/2/11,A,9200,0
RE+1/2/11,B,9200,0
RE+1/2/11,C,9200,0
RE+1/2/10,A,9200,0.425829
RE+1/2/10,B,9200,0.220417
RE+1/2/10,C,9200,0.0678897
RE+1/2/9,A,9200,0.0163895
RE+1/2/9,B,9200,0.014741
RE+1/2/9,C,9200,0.00781564
RE+2/2/14,A,9200,0.0158051
RE+2/2/14,B,9200,0.047177
RE+2/2/14,C,9200,0.0647085
RE+2/2/15,A,9200,0.0505643
RE+2/2/15,B,9200,0.154033
RE+2/2/15,C,9200,0.0614903
RE+2/2/16,A,9200,0.0282249
RE+2/2/16,B,9200,0.0298977
RE+2/2/16,C,9200,0.0347673
RE+2/3/15,A,9200,0.0460299
RE+2/3/15,B,9200,0.0222943
RE+2/3/15,C,9200,0.0428773
RE+2/3/14,A,9200,1.36976
RE+2/3/14,B,9200,0.206686
RE+2/3/14,C,9200,0.0575813
RE+2/3/16,A,9200,0.0517036
RE+2/3/16,B,9200,0.0182215
RE+2/3/16,C,9200,0.047954
RE+1/2/13,A,9200,0.0202694
RE+1/2/13,B,9200,0.0262143
RE+1/2/13,C,9200,0.0217959
RE+1/2/14,A,9200,1.06058
RE+1/2/14,B,9200,0.196406
RE+1/2/14,C,9200,0.187542
RE+1/2/12,A,9200,0.12664
RE+1/2/12,B,9200,0.110932
RE+1/2/12,C,9200,0.151562
RE+1/3/14,A,9200,0
RE+1/3/14,B,9200,0
RE+1/3/14,C,9200,0
RE+1/3/13,A,9200,0.114369
RE+1/3/13,B,9200,0.098968
RE+1/3/13,C,9200,0.0679756
RE+1/3/12,A,9200,0.0760229
RE+1/3/12,B,9200,0.0833884
RE+1/3/12,C,9200,0.0461226
RE+2/2/18,A,9200,0.0215016
RE+2/2/18,B,9200,0.0593756
RE+2/2/18,C,9200,0.112364
RE+2/2/17,A,9200,0.0211704
RE+2/2/17,B,9200,0.040942
RE+2/2/17,C,9200,0.0342817
RE+2/2/19,A,9200,0.0357945
RE+2/2/19,B,9200,0.0381584
RE+2/2/19,C,9200,0.0547396
RE+2/3/19,A,9200,0.0398118
RE+2/3/19,B,9200,0.0307879
RE+2/3/19,C,9200,0.0291478
RE+2/3/18,A,9200,0.0419087
RE+2/3/18,B,9200,0.0302352
RE+2/3/18,C,9200,0.0224545
RE+2/3/17,A,9200,0.64027
RE+2/3/17,B,9200,0.445192
RE+2/3/17,C,9200,0.489714
RE+1/3/15,A,9200,0.0467064
RE+1/3/15,B,9200,0.039065
RE+1/3/15,C,9200,0.0302062
RE+1/3/16,A,9200,0.0266064
RE+1/3/16,B,9200,0.0261863
RE+1/3/16,C,9200,0.0247321
RE+1/3/17,A,9200,0.0701808
RE+1/3/17,B,9200,0.080376
RE+1/3/17,C,9200,0.0628235
RE+1/2/15,A,9200,0.0576405
RE+1/2/15,B,9200,0.116432
RE+1/2/15,C,9200,0.178872
RE+1/2/17,A,9200,0.326579
RE+1/2/17,B,9200,0.283721
RE+1/2/17,C,9200,0.265648
RE+1/2/16,A,9200,0.405401
RE+1/2/16,B,9200,0.313997
RE+1/2/16,C,9200,0.15413
RE+1/3/18,A,9200,0.180987
RE+1/3/18,B,9200,0.100917
RE+1/3/18,C,9200,0.0355505
RE+1/3/19,A,9200,0.0154252
RE+1/3/19,B,9200,0.0223751
RE+1/3/19,C,9200,0.0169457
RE+1/3/20,A,9200,0.111464
RE+1/3/20,B,9200,0.0587173
RE+1/3/20,C,9200,0.0431021
RE+2/2/21,A,9200,0.0308948
RE+2/2/21,B,9200,0.0544768
RE+2/2/21,C,9200,0.066177
RE+2/2/22,A,9200,0.0228301
RE+2/2/22,B,9200,0.113079
RE+2/2/22,C,9200,0.143574
RE+2/2/20,A,9200,0.0295039
RE+2/2/20,B,9200,0.084126
RE+2/2/20,C,9200,0.0802804
RE+1/2/18,A,9200,0.0655744
RE+1/2/18,B,9200,0.0190872
RE+1/2/18,C,9200,0.0219212
RE+1/2/19,A,9200,0.111321
RE+1/2/19,B,9200,0.104496
RE+1/2/19,C,9200,0.0450785
RE+1/2/20,A,9200,0.0213675
RE+1/2/20,B,9200,0.0374312
RE+1/2/20,C,9200,0.0154722
RE+2/3/20,A,9200,0.079905
RE+2/3/20,B,9200,0.0645426
RE+2/3/20,C,9200,0.0391356
RE+2/3/22,A,9200,0.327272
RE+2/3/22,B,9200,0.0185503
RE+2/3/22,C,9200,0.017256
RE+2/3/21,A,9200,0.0317738
RE+2/3/21,B,9200,0.0191941
RE+2/3/21,C,9200,0.0213887
RE+2/3/24,A,9200,0.0548427
RE+2/3/24,B,9200,0.0188513
RE+2/3/24,C,9200,0.0743132
RE+2/3/25,A,9200,0.131393
RE+2/3/25,B,9200,0.0218899
RE+2/3/25,C,9200,0.0225382
RE+2/3/23,A,9200,0.0298765
RE+2/3/23,B,9200,0.0186581
RE+2/3/23,C,9200,0.0167413
RE+1/3/21,A,9200,0.102994
RE+1/3/21,B,9200,0.105409
RE+1/3/21,C,9200,0.0395733
RE+1/3/23,A,9200,0.0989258
RE+1/3/23,B,9200,0.112903
RE+1/3/23,C,9200,0.090425
RE+1/3/22,A,9200,0.0123174
RE+1/3/22,B,9200,0.0130306
RE+1/3/22,C,9200,0.00863005
RE+1/2/22,A,9200,0.0995231
RE+1/2/22,B,9200,0.223226
RE+1/2/22,C,9200,0.0573551
RE+1/2/21,A,9200,0.247227
RE+1/2/21,B,9200,0.119948
RE+1/2/21,C,9200,0.350739
RE+1/2/23,A,9200,0.603766
RE+1/2/23,B,9200,0.57694
RE+1/2/23,C,9200,0.373682
RE+2/2/23,A,9200,0.0117265
RE+2/2/23,B,9200,0.0509258
RE+2/2/23,C,9200,0.0377498
RE+2/2/24,A,9200,0.0323435
RE+2/2/24,B,9200,0.0513592
RE+2/2/24,C,9200,0.0591363
RE+2/2/25,A,9200,0.0311182
RE+2/2/25,B,9200,0.0623381
RE+2/2/25,C,9200,0.0719084
RE+2/3/26,A,9200,0.322586
RE+2/3/26,B,9200,1.30356
RE+2/3/26,C,9200,1.38934
RE+2/3/27,A,9200,0.0150479
RE+2/3/27,B,9200,0.0104068
RE+2/3/27,C,9200,0.0142347
RE+2/3/28,A,9200,0.0847953
RE+2/3/28,B,9200,0.0272501
RE+2/3/28,C,9200,0.0169053
RE+2/2/28,A,9200,0.0435743
RE+2/2/28,B,9200,0.0493245
RE+2/2/28,C,9200,0.0390914
RE+2/2/27,A,9200,0.0426933
RE+2/2/27,B,9200,0.0469517
RE+2/2/27,C,9200,0.0317738
RE+2/2/26,A,9200,0.0283895
RE+2/2/26,B,9200,0.0573365
RE+2/2/26,C,9200,0.0700401
RE+1/2/24,A,9200,0.0142194
RE+1/2/24,B,9200,0.0149571
RE+1/2/24,C,9200,0.0169485
RE+1/2/25,A,9200,0.0766159
RE+1/2/25,B,9200,0.118929
RE+1/2/25,C,9200,0.0755311
RE+1/2/26,A,9200,0.0107274
RE+1/2/26,B,9200,0.0127252
RE+1/2/26,C,9200,0.0139697
RE+1/3/26,A,9200,0.281402
RE+1/3/26,B,9200,0.0445056
RE+1/3/26,C,9200,0.144083
RE+1/3/24,A,9200,0.223214
RE+1/3/24,B,9200,0.0684626
RE+1/3/24,C,9200,0.0246232
RE+1/3/25,A,9200,0.0288138
RE+1/3/25,B,9200,0.0375592
RE+1/3/25,C,9200,0.0197265
RE+1/3/1,A,9200,0.231075
RE+1/3/1,B,9200,0.0458559
RE+1/3/1,C,9200,0.0332815
RE+1/3/2,A,9200,0.0787587
RE+1/3/2,B,9200,0.0391025
RE+1/3/2,C,9200,0.0396331
RE+1/3/36,A,9200,0.0995466
RE+1/3/36,B,9200,0.108975
RE+1/3/36,C,9200,0.0400921
RE+2/2/4,A,9200,0.0442839
RE+2/2/4,B,9200,0.0645006
RE+2/2/4,C,9200,0.0896923
RE+2/2/3,A,9200,0.0191609
RE+2/2/3,B,9200,0.0567393
RE+2/2/3,C,9200,0.0547852
RE+2/2/2,A,9200,0.0304405
RE+2/2/2,B,9200,0.0378501
RE+2/2/2,C,9200,0.110854
RE+1/2/36,A,9200,0.0656269
RE+1/2/36,B,9200,0.0665049
RE+1/2/36,C,9200,0.0560419
RE+1/2/1,A,9200,0.0232847
RE+1/2/1,B,9200,0.0146805
RE+1/2/1,C,9200,0.0122963
RE+1/2/2,A,9200,0.0135159
RE+1/2/2,B,9200,0.0470859
RE+1/2/2,C,9200,0.0284112
RE+2/3/4,A,9200,0.0444617
RE+2/3/4,B,9200,0.0252914
RE+2/3/4,C,9200,0.0160018
RE+2/3/3,A,9200,0.0689102
RE+2/3/3,B,9200,0.153896
RE+2/3/3,C,9200,0.0220143
RE+2/3/2,A,9200,0.0649341
RE+2/3/2,B,9200,0.0287904
RE+2/3/2,C,9200,0.0581243
RE+1/3/5,A,9200,0.18368
RE+1/3/5,B,9200,0.163878
RE+1/3/5,C,9200,0.204091
RE+1/3/3,A,9200,0.0418107
RE+1/3/3,B,9200,0.0361811
RE+1/3/3,C,9200,0.0236052
RE+1/3/4,A,9200,0.0434913
RE+1/3/4,B,9200,0.0281851
RE+1/3/4,C,9200,0.0322192
RE+2/3/5,A,9200,0.172395
RE+2/3/5,B,9200,0.133278
RE+2/3/5,C,9200,0.0176428
RE+2/3/7,A,9200,0.109397
RE+2/3/7,B,9200,0.147498
RE+2/3/7,C,9200,0.124213
RE+2/3/6,A,9200,0.0351301
RE+2/3/6,B,9200,0.0222755
RE+2/3/6,C,9200,0.0263769
RE+1/2/3,A,9200,0.0293396
RE+1/2/3,B,9200,1.22345
RE+1/2/3,C,9200,0.0290999
RE+1/2/4,A,9200,0.307184
RE+1/2/4,B,9200,0.763522
RE+1/2/4,C,9200,0.0876162
RE+1/2/5,A,9200,0.0731807
RE+1/2/5,B,9200,0.0344968
RE+1/2/5,C,9200,0.0241757
RE+2/2/7,A,9200,0.0459553
RE+2/2/7,B,9200,0.0504376
RE+2/2/7,C,9200,0.0375886
RE+2/2/5,A,9200,0.0291801
RE+2/2/5,B,9200,0.0742418
RE+2/2/5,C,9200,0.0838501
RE+2/2/6,A,9200,0.0336039
RE+2/2/6,B,9200,0.11525
RE+2/2/6,C,9200,0.0830132
RE+2/3/10,A,9200,0.0529518
RE+2/3/10,B,9200,0.027653
RE+2/3/10,C,9200,0.0337341
RE+2/3/8,A,9200,0.127201
RE+2/3/8,B,9200,0.355495
RE+2/3/8,C,9200,0.169139
RE+2/3/9,A,9200,0.0161565
RE+2/3/9,B,9200,0.0179704
RE+2/3/9,C,9200,0.0304293
RE+2/2/8,A,9200,0.0393835
RE+2/2/8,B,9200,0.0284404
RE+2/2/8,C,9200,0.0367565
RE+2/2/9,A,9200,0.0598397
RE+2/2/9,B,9200,0.150627
RE+2/2/9,C,9200,0.0559191
RE+2/2/10,A,9200,0.0290436
RE+2/2/10,B,9200,0.029629
RE+2/2/10,C,9200,0.0313026
RE+1/3/8,A,9200,0.152079
RE+1/3/8,B,9200,0.07428
RE+1/3/8,C,9200,0.0491766
RE+1/3/6,A,9200,0.0822652
RE+1/3/6,B,9200,0.0683545
RE+1/3/6,C,9200,0.0312173
RE+1/3/7,A,9200,0.127673
RE+1/3/7,B,9200,0.0631923
RE+1/3/7,C,9200,0.0415701
RE+1/2/8,A,9200,0.0272339
RE+1/2/8,B,9200,0.017981
RE+1/2/8,C,9200,0.0430502
RE+1/2/6,A,9200,0.169107
RE+1/2/6,B,9200,0.195671
RE+1/2/6,C,9200,0.264319
RE+1/2/7,A,9200,0.0519166
RE+1/2/7,B,9200,0.284695
RE+1/2/7,C,9200,0.0117899
RE+2/2/29,A,9200,0.0636948
RE+2/2/29,B,9200,0.0688229
RE+2/2/29,C,9200,0.0541463
RE+2/2/30,A,9200,0.0368496
RE+2/2/30,B,9200,0.0559086
RE+2/2/30,C,9200,0.0950579
RE+2/2/31,A,9200,0.0372629
RE+2/2/31,B,9200,0.0594103
RE+2/2/31,C,9200,0.051722
RE+1/2/27,A,9200,0.0958094
RE+1/2/27,B,9200,0.145245
RE+1/2/27,C,9200,0.136456
RE+1/2/28,A,9200,0.023673
RE+1/2/28,B,9200,0.0161777
RE+1/2/28,C,9200,0.0114379
RE+1/2/29,A,9200,0.100836
RE+1/2/29,B,9200,0
RE+1/2/29,C,9200,0.130985
RE+2/3/31,A,9200,0.145283
RE+2/3/31,B,9200,0.0255371
RE+2/3/31,C,9200,0.0162579
RE+2/3/30,A,9200,0.265215
RE+2/3/30,B,9200,0.0290177
RE+2/3/30,C,9200,0.0249181
RE+2/3/29,A,9200,1.03152
RE+2/3/29,B,9200,0.430692
RE+2/3/29,C,9200,0.0745222
RE+1/3/27,A,9200,0.0489139
RE+1/3/27,B,9200,0.0471427
RE+1/3/27,C,9200,0.0505354
RE+1/3/28,A,9200,0.076438
RE+1/3/28,B,9200,0.0266141
RE+1/3/28,C,9200,0.022566
RE+1/3/29,A,9200,0.0697526
RE+1/3/29,B,9200,0.0414506
RE+1/3/29,C,9200,0.052643
RE+1/3/31,A,9200,0.0234832
RE+1/3/31,B,9200,0.0255029
RE+1/3/31,C,9200,0.111579
RE+1/3/32,A,9200,0.190186
RE+1/3/32,B,9200,0.101131
RE+1/3/32,C,9200,0.0521775
RE+1/3/30,A,9200,0.0394918
RE+1/3/30,B,9200,0.029098
RE+1/3/30,C,9200,0.012496
RE+1/2/31,A,9200,0.0772449
RE+1/2/31,B,9200,0.0836993
RE+1/2/31,C,9200,0.0474744
RE+1/2/32,A,9200,0.0148215
RE+1/2/32,B,9200,0.0121537
RE+1/2/32,C,9200,0.0138407
RE+1/2/30,A,9200,0.0138145
RE+1/2/30,B,9200,0.0227667
RE+1/2/30,C,9200,0.0127362
RE+2/2/33,A,9200,0.0598384
RE+2/2/33,B,9200,0.0752002
RE+2/2/33,C,9200,0.0498745
RE+2/2/32,A,9200,0.0303846
RE+2/2/32,B,9200,0.0596192
RE+2/2/32,C,9200,0.129707
RE+2/2/34,A,9200,0.0353679
RE+2/2/34,B,9200,0.0329805
RE+2/2/34,C,9200,0.0274254
RE+2/3/32,A,9200,0.533192
RE+2/3/32,B,9200,0.115955
RE+2/3/32,C,9200,0.026891
RE+2/3/34,A,9200,0.0363934
RE+2/3/34,B,9200,0.0158338
RE+2/3/34,C,9200,0.0217756
RE+2/3/33,A,9200,0.0126261
RE+2/3/33,B,9200,0.0133795
RE+2/3/33,C,9200,0.0530229
RE+1/2/34,A,9200,0.0998305
RE+1/2/34,B,9200,0.173929
RE+1/2/34,C,9200,0.0807886
RE+1/2/33,A,9200,0.0730486
RE+1/2/33,B,9200,0.105006
RE+1/2/33,C,9200,0.0368933
RE+1/2/35,A,9200,0.0114794
RE+1/2/35,B,9200,0.0144874
RE+1/2/35,C,9200,0.0111599
RE+2/2/36,A,9200,0.0593539
RE+2/2/36,B,9200,0.0232132
RE+2/2/36,C,9200,0.0372688
RE+2/2/35,A,9200,0.041184
RE+2/2/35,B,9200,0.0376677
RE+2/2/35,C,9200,0.0643678
RE+2/2/1,A,9200,0.0145656
RE+2/2/1,B,9200,0.0138611
RE+2/2/1,C,9200,0.0174432
RE+1/3/35,A,9200,0.0392422
RE+1/3/35,B,9200,0.0395133
RE+1/3/35,C,9200,0.0376145
RE+1/3/34,A,9200,0.0227075
RE+1/3/34,B,9200,0.0271016
RE+1/3/34,C,9200,0.0238609
RE+1/3/33,A,9200,0.0207894
RE+1/3/33,B,9200,0.0268008
RE+1/3/33,C,9200,0.013915
RE+2/3/36,A,9200,0.0246024
RE+2/3/36,B,9200,0.019277
RE+2/3/36,C,9200,0.0214161
RE+2/3/1,A,9200,0.024294
RE+2/3/1,B,9200,0.0120014
RE+2/3/1,C,9200,0.0144576
RE+2/3/35,A,9200,0.25738
RE+2/3/35,B,9200,0.0162757
RE+2/3/35,C,9200,0.0126003
RE+3/2/10,A,9200,0.0667647
RE+3/2/10,B,9200,0.0466583
RE+3/2/10,C,9200,0.0351017
RE+3/2/11,A,9200,0.0287304
RE+3/2/11,B,9200,0.0448482
RE+3/2/11,C,9200,0.0381931
RE+3/2/9,A,9200,0.0366577
RE+3/2/9,B,9200,0.0753882
RE+3/2/9,C,9200,0.0735451
RE+3/3/12,A,9200,0.109381
RE+3/3/12,B,9200,0.0449683
RE+3/3/12,C,9200,0.0497376
RE+3/3/13,A,9200,0.122242
RE+3/3/13,B,9200,0.203607
RE+3/3/13,C,9200,0.144732
RE+3/3/14,A,9200,0.0315643
RE+3/3/14,B,9200,0.0457711
RE+3/3/14,C,9200,0.0452048
RE+3/3/9,A,9200,0.0614515
RE+3/3/9,B,9200,0.0574159
RE+3/3/9,C,9200,0.0578317
RE+3/3/10,A,9200,0.0691084
RE+3/3/10,B,9200,0.0410459
RE+3/3/10,C,9200,0.0326149
RE+3/3/11,A,9200,0.0516228
RE+3/3/11,B,9200,0.0482389
RE+3/3/11,C,9200,0.0447784
RE+3/2/12,A,9200,0.0467636
RE+3/2/12,B,9200,0.100328
RE+3/2/12,C,9200,0.0799244
RE+3/2/14,A,9200,0.0287759
RE+3/2/14,B,9200,0.040108
RE+3/2/14,C,9200,0.0394691
RE+3/2/13,A,9200,0.0212317
RE+3/2/13,B,9200,0.0338149
RE+3/2/13,C,9200,0.0359199
RE+3/3/16,A,9200,0.050814
RE+3/3/16,B,9200,0.0365524
RE+3/3/16,C,9200,0.0392821
RE+3/3/15,A,9200,0.0296724
RE+3/3/15,B,9200,0.0386973
RE+3/3/15,C,9200,0.0443369
RE+3/3/17,A,9200,0.0418926
RE+3/3/17,B,9200,0.0356787
RE+3/3/17,C,9200,0.0427642
RE+3/2/20,A,9200,0.0326013
RE+3/2/20,B,9200,0.0320774
RE+3/2/20,C,9200,0.0360937
RE+3/2/19,A,9200,0.0327166
RE+3/2/19,B,9200,0.0452462
RE+3/2/19,C,9200,0.049133
RE+3/2/18,A,9200,0.0428836
RE+3/2/18,B,9200,0.109957
RE+3/2/18,C,9200,0.11379
RE+3/2/17,A,9200,0.0266847
RE+3/2/17,B,9200,0.0609699
RE+3/2/17,C,9200,0.0385845
RE+3/2/15,A,9200,0.0896973
RE+3/2/15,B,9200,0.224596
RE+3/2/15,C,9200,0.120672
RE+3/2/16,A,9200,0.0181783
RE+3/2/16,B,9200,0.035577
RE+3/2/16,C,9200,0.0353424
RE+3/3/20,A,9200,0.0372434
RE+3/3/20,B,9200,0.0469023
RE+3/3/20,C,9200,0.0306835
RE+3/3/18,A,9200,0.0386815
RE+3/3/18,B,9200,0.0317946
RE+3/3/18,C,9200,0.0460917
RE+3/3/19,A,9200,0.128695
RE+3/3/19,B,9200,0.205884
RE+3/3/19,C,9200,0.959923
RE+3/2/26,A,9200,0.0408264
RE+3/2/26,B,9200,0.0550325
RE+3/2/26,C,9200,0.0365462
RE+3/2/24,A,9200,0.0437962
RE+3/2/24,B,9200,0.107447
RE+3/2/24,C,9200,0.089616
RE+3/2/25,A,9200,0.0374245
RE+3/2/25,B,9200,0.0629935
RE+3/2/25,C,9200,0.0467865
RE+3/3/23,A,9200,0.0371396
RE+3/3/23,B,9200,0.0312334
RE+3/3/23,C,9200,0.0308527
RE+3/3/22,A,9200,0.575171
RE+3/3/22,B,9200,0.145321
RE+3/3/22,C,9200,0.096493
RE+3/3/21,A,9200,0.0360376
RE+3/3/21,B,9200,0.0379159
RE+3/3/21,C,9200,0.0466561
RE+3/2/23,A,9200,0.0235124
RE+3/2/23,B,9200,0.0397865
RE+3/2/23,C,9200,0.0380376
RE+3/2/21,A,9200,0.0374259
RE+3/2/21,B,9200,0.0895095
RE+3/2/21,C,9200,0.0984323
RE+3/2/22,A,9200,0.024864
RE+3/2/22,B,9200,0.0420173
RE+3/2/22,C,9200,0.0366235
RE+3/3/24,A,9200,0.0142807
RE+3/3/24,B,9200,0.0111897
RE+3/3/24,C,9200,0.0127576
RE+3/3/26,A,9200,0.0357636
RE+3/3/26,B,9200,0.0448273
RE+3/3/26,C,9200,0.0432716
RE+3/3/25,A,9200,0.0743327
RE+3/3/25,B,9200,0.0319095
RE+3/3/25,C,9200,0.0474054
RE+3/3/8,A,9200,0.0574221
RE+3/3/8,B,9200,0.0543156
RE+3/3/8,C,9200,0.0719786
RE+3/3/6,A,9200,0.0265763
RE+3/3/6,B,9200,0.0152981
RE+3/3/6,C,9200,0.0380329
RE+3/3/7,A,9200,0.361411
RE+3/3/7,B,9200,0.195608
RE+3/3/7,C,9200,0.200974
RE+3/3/4,A,9200,0.0553743
RE+3/3/4,B,9200,0.052102
RE+3/3/4,C,9200,0.0469216
RE+3/3/5,A,9200,0.0388181
RE+3/3/5,B,9200,0.0356322
RE+3/3/5,C,9200,0.029506
RE+3/3/3,A,9200,0.041564
RE+3/3/3,B,9200,0.0576687
RE+3/3/3,C,9200,0.0568387
RE+3/2/6,A,9200,0.0917441
RE+3/2/6,B,9200,0.0973716
RE+3/2/6,C,9200,0.0562316
RE+3/2/8,A,9200,0.05765
RE+3/2/8,B,9200,0.0464371
RE+3/2/8,C,9200,0.0333012
RE+3/2/7,A,9200,0.0230645
RE+3/2/7,B,9200,0.0322766
RE+3/2/7,C,9200,0.0406373
RE+3/2/5,A,9200,0.0206857
RE+3/2/5,B,9200,0.042227
RE+3/2/5,C,9200,0.0421006
RE+3/2/3,A,9200,0.0430376
RE+3/2/3,B,9200,0.134164
RE+3/2/3,C,9200,0.0847403
RE+3/2/4,A,9200,0.0105116
RE+3/2/4,B,9200,0.021443
RE+3/2/4,C,9200,0.0149484
RE+3/2/34,A,9200,0.0272611
RE+3/2/34,B,9200,0.041722
RE+3/2/34,C,9200,0.0571895
RE+3/2/33,A,9200,0.0578815
RE+3/2/33,B,9200,0.162784
RE+3/2/33,C,9200,0.0677818
RE+3/2/35,A,9200,0.0189073
RE+3/2/35,B,9200,0.0378136
RE+3/2/35,C,9200,0.0337742
RE+3/3/2,A,9200,0.026226
RE+3/3/2,B,9200,0.0330799
RE+3/3/2,C,9200,0.0414226
RE+3/3/1,A,9200,0.164367
RE+3/3/1,B,9200,0.0565057
RE+3/3/1,C,9200,0.0584547
RE+3/3/36,A,9200,0.0232616
RE+3/3/36,B,9200,0.0116157
RE+3/3/36,C,9200,0.0258599
RE+3/3/35,A,9200,0.0352965
RE+3/3/35,B,9200,0.0395644
RE+3/3/35,C,9200,0.0417992
RE+3/3/33,A,9200,0.0590405
RE+3/3/33,B,9200,0.0546914
RE+3/3/33,C,9200,0.0541632
RE+3/3/34,A,9200,0.0510367
RE+3/3/34,B,9200,0.0368373
RE+3/3/34,C,9200,0.035139
RE+3/2/36,A,9200,0.00921532
RE+3/2/36,B,9200,0.0268574
RE+3/2/36,C,9200,0.0319818
RE+3/2/2,A,9200,0.0251717
RE+3/2/2,B,9200,0.0445984
RE+3/2/2,C,9200,0.0395806
RE+3/2/1,A,9200,0.0299755
RE+3/2/1,B,9200,0.0651437
RE+3/2/1,C,9200,0.0484733
RE+3/3/28,A,9200,0.0343611
RE+3/3/28,B,9200,0.0341221
RE+3/3/28,C,9200,0.022064
RE+3/3/29,A,9200,0.0301493
RE+3/3/29,B,9200,0.0357648
RE+3/3/29,C,9200,0.0340068
RE+3/3/27,A,9200,0.0298303
RE+3/3/27,B,9200,0.0286058
RE+3/3/27,C,9200,0.0390147
RE+3/2/32,A,9200,0.0436464
RE+3/2/32,B,9200,0.0704254
RE+3/2/32,C,9200,0.0788974
RE+3/2/30,A,9200,0.0863617
RE+3/2/30,B,9200,0.206413
RE+3/2/30,C,9200,0.125803
RE+3/2/31,A,9200,0.0806395
RE+3/2/31,B,9200,0.18211
RE+3/2/31,C,9200,0.802575
RE+3/3/30,A,9200,0.0210212
RE+3/3/30,B,9200,0.0261271
RE+3/3/30,C,9200,0.0175883
RE+3/3/32,A,9200,0.0821159
RE+3/3/32,B,9200,0.0440243
RE+3/3/32,C,9200,0.0583993
RE+3/3/31,A,9200,0.0471582
RE+3/3/31,B,9200,0.109549
RE+3/3/31,C,9200,0.337409
RE+3/2/27,A,9200,0.042615
RE+3/2/27,B,9200,0.105323
RE+3/2/27,C,9200,0.0596459
RE+3/2/28,A,9200,0.023256
RE+3/2/28,B,9200,0.0385123
RE+3/2/28,C,9200,0.0351888
RE+3/2/29,A,9200,0.0210415
RE+3/2/29,B,9200,0.0376833
RE+3/2/29,C,9200,0.0286164
RE-2/3/12,A,9200,0.0512028
RE-2/3/12,B,9200,0.0604456
RE-2/3/12,C,9200,0.0344708
RE-2/3/11,A,9200,0.0365865
RE-2/3/11,B,9200,0.0380397
RE-2/3/11,C,9200,0.0307173
RE-2/3/13,A,9200,0.0343833
RE-2/3/13,B,9200,0.0337713
RE-2/3/13,C,9200,0.0319737
RE-1/3/10,A,9200,0
RE-1/3/10,B,9200,0
RE-1/3/10,C,9200,0
RE-1/3/11,A,9200,0.0422127
RE-1/3/11,B,9200,0.0471363
RE-1/3/11,C,9200,0.0955073
RE-1/3/9,A,9200,0.0223084
RE-1/3/9,B,9200,0.0261705
RE-1/3/9,C,9200,0.0193533
RE-1/2/10,A,9200,0.0197341
RE-1/2/10,B,9200,0.0232457
RE-1/2/10,C,9200,0.0196449
RE-1/2/11,A,9200,0.0469187
RE-1/2/11,B,9200,0.0374285
RE-1/2/11,C,9200,0.0160792
RE-1/2/9,A,9200,0.0272516
RE-1/2/9,B,9200,0.0250998
RE-1/2/9,C,9200,0.0197653
RE-2/2/13,A,9200,0.0280311
RE-2/2/13,B,9200,0.0463772
RE-2/2/13,C,9200,0.0414136
RE-2/2/11,A,9200,0.038777
RE-2/2/11,B,9200,0.140404
RE-2/2/11,C,9200,0.096334
RE-2/2/12,A,9200,0.0396401
RE-2/2/12,B,9200,0.0541449
RE-2/2/12,C,9200,0.0306655
RE-1/2/13,A,9200,0.0229142
RE-1/2/13,B,9200,0.0200448
RE-1/2/13,C,9200,0.0216213
RE-1/2/12,A,9200,0.0266599
RE-1/2/12,B,9200,0.0348022
RE-1/2/12,C,9200,0.0213643
RE-1/2/14,A,9200,0.0200148
RE-1/2/14,B,9200,0.0319974
RE-1/2/14,C,9200,0.0298644
RE-2/2/14,A,9200,0.0423653
RE-2/2/14,B,9200,0.148482
RE-2/2/14,C,9200,0.0805588
RE-2/2/15,A,9200,0.0341063
RE-2/2/15,B,9200,0.050082
RE-2/2/15,C,9200,0.0466019
RE-2/2/16,A,9200,0.0326222
RE-2/2/16,B,9200,0.0443158
RE-2/2/16,C,9200,0.0379693
RE-1/3/13,A,9200,0.0200404
RE-1/3/13,B,9200,0.0435455
RE-1/3/13,C,9200,0.0454605
RE-1/3/12,A,9200,0.0339955
RE-1/3/12,B,9200,0.0359252
RE-1/3/12,C,9200,0.0362355
RE-1/3/14,A,9200,0.0128466
RE-1/3/14,B,9200,0.0106212
RE-1/3/14,C,9200,0.00627793
RE-2/3/16,A,9200,0.0244975
RE-2/3/16,B,9200,0.0190623
RE-2/3/16,C,9200,0.0208861
RE-2/3/14,A,9200,0.025732
RE-2/3/14,B,9200,0.0204974
RE-2/3/14,C,9200,0.0156422
RE-2/3/15,A,9200,0.0574921
RE-2/3/15,B,9200,0.0411205
RE-2/3/15,C,9200,0.0184712
RE-1/2/16,A,9200,0.0199799
RE-1/2/16,B,9200,0.0322917
RE-1/2/16,C,9200,0.0351339
RE-1/2/15,A,9200,0.0482264
RE-1/2/15,B,9200,0.0567293
RE-1/2/15,C,9200,0.0528575
RE-1/2/17,A,9200,0.0463491
RE-1/2/17,B,9200,0.0238782
RE-1/2/17,C,9200,0.0117738
RE-2/3/18,A,9200,0.0578031
RE-2/3/18,B,9200,0.0659327
RE-2/3/18,C,9200,0.0270276
RE-2/3/19,A,9200,0.0381125
RE-2/3/19,B,9200,0.0395596
RE-2/3/19,C,9200,0.0376901
RE-2/3/17,A,9200,0.045729
RE-2/3/17,B,9200,0.038273
RE-2/3/17,C,9200,0.063276
RE-2/2/18,A,9200,0.0344544
RE-2/2/18,B,9200,0.0480958
RE-2/2/18,C,9200,0.0236522
RE-2/2/19,A,9200,0.0392078
RE-2/2/19,B,9200,0.0566797
RE-2/2/19,C,9200,0.0378262
RE-2/2/17,A,9200,0.0371293
RE-2/2/17,B,9200,0.0713382
RE-2/2/17,C,9200,0.0532385
RE-1/3/16,A,9200,0.0177249
RE-1/3/16,B,9200,0.0208914
RE-1/3/16,C,9200,0.0137767
RE-1/3/17,A,9200,0.117894
RE-1/3/17,B,9200,0.0433296
RE-1/3/17,C,9200,0.0128796
RE-1/3/15,A,9200,0.0173357
RE-1/3/15,B,9200,0.013076
RE-1/3/15,C,9200,0.010393
RE-1/3/19,A,9200,0.0678909
RE-1/3/19,B,9200,0.0453128
RE-1/3/19,C,9200,0.0442154
RE-1/3/18,A,9200,0.0186303
RE-1/3/18,B,9200,0.0239032
RE-1/3/18,C,9200,0.0223698
RE-1/3/20,A,9200,0.0195504
RE-1/3/20,B,9200,0.0117905
RE-1/3/20,C,9200,0.0111245
RE-2/2/21,A,9200,0.111504
RE-2/2/21,B,9200,0.0633904
RE-2/2/21,C,9200,0.0300333
RE-2/2/22,A,9200,0.0381338
RE-2/2/22,B,9200,0.0457823
RE-2/2/22,C,9200,0.0474865
RE-2/2/20,A,9200,0.0444416
RE-2/2/20,B,9200,0.0806852
RE-2/2/20,C,9200,0.0939952
RE-1/2/18,A,9200,0.01281
RE-1/2/18,B,9200,0.0259367
RE-1/2/18,C,9200,0.0100819
RE-1/2/19,A,9200,0.022122
RE-1/2/19,B,9200,0.0405292
RE-1/2/19,C,9200,0.0383837
RE-1/2/20,A,9200,0.0333868
RE-1/2/20,B,9200,0.0389502
RE-1/2/20,C,9200,0.192121
RE-2/3/20,A,9200,0.0403159
RE-2/3/20,B,9200,0.0333709
RE-2/3/20,C,9200,0.0339989
RE-2/3/22,A,9200,0.0405339
RE-2/3/22,B,9200,0.0370237
RE-2/3/22,C,9200,0.0371541
RE-2/3/21,A,9200,0.0573764
RE-2/3/21,B,9200,0.0519122
RE-2/3/21,C,9200,0.0167513
RE-2/2/24,A,9200,0.0293687
RE-2/2/24,B,9200,0.0427416
RE-2/2/24,C,9200,0.0366727
RE-2/2/23,A,9200,0.0337034
RE-2/2/23,B,9200,0.0433286
RE-2/2/23,C,9200,0.0738746
RE-2/2/25,A,9200,0.0409876
RE-2/2/25,B,9200,0.0395083
RE-2/2/25,C,9200,0.034837
RE-1/2/22,A,9200,0.0161839
RE-1/2/22,B,9200,0.0189125
RE-1/2/22,C,9200,0.0182297
RE-1/2/23,A,9200,0.0264411
RE-1/2/23,B,9200,0.0189618
RE-1/2/23,C,9200,0.0118039
RE-1/2/21,A,9200,0.0320485
RE-1/2/21,B,9200,0.0230333
RE-1/2/21,C,9200,0.0223212
RE-2/3/23,A,9200,0.0368136
RE-2/3/23,B,9200,0.0446581
RE-2/3/23,C,9200,0.0448975
RE-2/3/24,A,9200,0.0741774
RE-2/3/24,B,9200,0.06958
RE-2/3/24,C,9200,0.040811
RE-2/3/25,A,9200,0.0211454
RE-2/3/25,B,9200,0.0178436
RE-2/3/25,C,9200,0.0178357
RE-1/3/21,A,9200,0.00900607
RE-1/3/21,B,9200,0.0112672
RE-1/3/21,C,9200,0.00971144
RE-1/3/23,A,9200,0.0113303
RE-1/3/23,B,9200,0.0109738
RE-1/3/23,C,9200,0.00401694
RE-1/3/22,A,9200,0.0214221
RE-1/3/22,B,9200,0.0206575
RE-1/3/22,C,9200,0.0168384
RE-2/2/28,A,9200,0.0446629
RE-2/2/28,B,9200,0.0567579
RE-2/2/28,C,9200,0.0568723
RE-2/2/27,A,9200,0.0539943
RE-2/2/27,B,9200,0.224894
RE-2/2/27,C,9200,0.10106
RE-2/2/26,A,9200,0.0490155
RE-2/2/26,B,9200,0.0944067
RE-2/2/26,C,9200,0.0706312
RE-1/3/25,A,9200,0.0182646
RE-1/3/25,B,9200,0.0231666
RE-1/3/25,C,9200,0.0154531
RE-1/3/24,A,9200,0.33202
RE-1/3/24,B,9200,0.032355
RE-1/3/24,C,9200,0.025365
RE-1/3/26,A,9200,0.0193017
RE-1/3/26,B,9200,0.019488
RE-1/3/26,C,9200,0.0158503
RE-1/2/26,A,9200,0.0166166
RE-1/2/26,B,9200,0.0219907
RE-1/2/26,C,9200,0.0153967
RE-1/2/24,A,9200,2.5324
RE-1/2/24,B,9200,0.0259161
RE-1/2/24,C,9200,0.0125054
RE-1/2/25,A,9200,0.0153797
RE-1/2/25,B,9200,0.0201991
RE-1/2/25,C,9200,0.0145436
RE-2/3/26,A,9200,0.0414862
RE-2/3/26,B,9200,0.0408007
RE-2/3/26,C,9200,0.0553901
RE-2/3/27,A,9200,0.0475694
RE-2/3/27,B,9200,0.0406698
RE-2/3/27,C,9200,0.0494768
RE-2/3/28,A,9200,0.0246592
RE-2/3/28,B,9200,0.0240621
RE-2/3/28,C,9200,0.0221683
RE-2/3/4,A,9200,0.0453339
RE-2/3/4,B,9200,0.0474635
RE-2/3/4,C,9200,0.037768
RE-2/3/3,A,9200,0.155171
RE-2/3/3,B,9200,0.11134
RE-2/3/3,C,9200,0.0502516
RE-2/3/2,A,9200,0.0338786
RE-2/3/2,B,9200,0.0365695
RE-2/3/2,C,9200,0.0394925
RE-1/2/2,A,9200,0.0202216
RE-1/2/2,B,9200,0.0185376
RE-1/2/2,C,9200,0.0231371
RE-1/2/36,A,9200,0.0419716
RE-1/2/36,B,9200,0.183828
RE-1/2/36,C,9200,0.0161896
RE-1/2/1,A,9200,0.0286367
RE-1/2/1,B,9200,0.025818
RE-1/2/1,C,9200,0.0211547
RE-2/2/4,A,9200,0.0173266
RE-2/2/4,B,9200,0.0440982
RE-2/2/4,C,9200,0.0332324
RE-2/2/2,A,9200,0.0637948
RE-2/2/2,B,9200,0.21595
RE-2/2/2,C,9200,0.126286
RE-2/2/3,A,9200,0.0300018
RE-2/2/3,B,9200,0.036404
RE-2/2/3,C,9200,0.0384615
RE-1/3/36,A,9200,0.080796
RE-1/3/36,B,9200,0.10208
RE-1/3/36,C,9200,0.0740962
RE-1/3/2,A,9200,0.0196863
RE-1/3/2,B,9200,0.0174509
RE-1/3/2,C,9200,0.0118888
RE-1/3/1,A,9200,0.0155867
RE-1/3/1,B,9200,0.0190746
RE-1/3/1,C,9200,0.0138026
RE-1/2/4,A,9200,0.0168396
RE-1/2/4,B,9200,0.0228401
RE-1/2/4,C,9200,0.0209402
RE-1/2/3,A,9200,0.0185781
RE-1/2/3,B,9200,0.0318906
RE-1/2/3,C,9200,0.0226505
RE-1/2/5,A,9200,0.233557
RE-1/2/5,B,9200,0.0526718
RE-1/2/5,C,9200,0.120958
RE-1/3/4,A,9200,0.110332
RE-1/3/4,B,9200,0.0593567
RE-1/3/4,C,9200,0.0434702
RE-1/3/5,A,9200,0.0164495
RE-1/3/5,B,9200,0.0161266
RE-1/3/5,C,9200,0.0108715
RE-1/3/3,A,9200,0.0306314
RE-1/3/3,B,9200,0.0239293
RE-1/3/3,C,9200,0.0168889
RE-2/2/7,A,9200,0.0367652
RE-2/2/7,B,9200,0.062246
RE-2/2/7,C,9200,0.0339437
RE-2/2/5,A,9200,0.0276233
RE-2/2/5,B,9200,0.0742389
RE-2/2/5,C,9200,0.0680443
RE-2/2/6,A,9200,0.0362882
RE-2/2/6,B,9200,0.0430646
RE-2/2/6,C,9200,0.0437568
RE-2/3/5,A,9200,0.051508
RE-2/3/5,B,9200,0.0306699
RE-2/3/5,C,9200,0.0335873
RE-2/3/7,A,9200,0.0351152
RE-2/3/7,B,9200,0.0436311
RE-2/3/7,C,9200,0.0393329
RE-2/3/6,A,9200,0.0929178
RE-2/3/6,B,9200,0.10846
RE-2/3/6,C,9200,0.0379934
RE-1/2/7,A,9200,0.0476322
RE-1/2/7,B,9200,0.0258714
RE-1/2/7,C,9200,0.0234473
RE-1/2/6,A,9200,0.0305246
RE-1/2/6,B,9200,0.0712365
RE-1/2/6,C,9200,0.025779
RE-1/2/8,A,9200,0.0412169
RE-1/2/8,B,9200,0.0606649
RE-1/2/8,C,9200,0.0607971
RE-2/3/8,A,9200,0.0217588
RE-2/3/8,B,9200,0.0273736
RE-2/3/8,C,9200,0.0244347
RE-2/3/9,A,9200,0.0609073
RE-2/3/9,B,9200,0.0483879
RE-2/3/9,C,9200,0.0332451
RE-2/3/10,A,9200,0.0397808
RE-2/3/10,B,9200,0.0397949
RE-2/3/10,C,9200,0.0415961
RE-2/2/10,A,9200,0.0311067
RE-2/2/10,B,9200,0.0467547
RE-2/2/10,C,9200,0.0480108
RE-2/2/8,A,9200,0.0469002
RE-2/2/8,B,9200,0.156176
RE-2/2/8,C,9200,0.0695825
RE-2/2/9,A,9200,0.0289465
RE-2/2/9,B,9200,0.0402012
RE-2/2/9,C,9200,0.0389533
RE-1/3/8,A,9200,0.0188705
RE-1/3/8,B,9200,0.0113464
RE-1/3/8,C,9200,0.00999993
RE-1/3/6,A,9200,0.04137
RE-1/3/6,B,9200,0.0466277
RE-1/3/6,C,9200,0.0532498
RE-1/3/7,A,9200,0.0534968
RE-1/3/7,B,9200,0.0577993
RE-1/3/7,C,9200,0.0430904
RE-1/3/29,A,9200,0.192207
RE-1/3/29,B,9200,0.0834989
RE-1/3/29,C,9200,0.0431099
RE-1/3/28,A,9200,0.0251198
RE-1/3/28,B,9200,0.0216064
RE-1/3/28,C,9200,0.0102283
RE-1/3/27,A,9200,0.0424497
RE-1/3/27,B,9200,0.0904499
RE-1/3/27,C,9200,0.0309232
RE-1/2/29,A,9200,0.0426591
RE-1/2/29,B,9200,0.0950873
RE-1/2/29,C,9200,0.0515741
RE-1/2/27,A,9200,0.0159741
RE-1/2/27,B,9200,0.03038
RE-1/2/27,C,9200,0.0422465
RE-1/2/28,A,9200,0.012692
RE-1/2/28,B,9200,0.0137205
RE-1/2/28,C,9200,0.0112442
RE-2/3/31,A,9200,0.0305296
RE-2/3/31,B,9200,0.0410918
RE-2/3/31,C,9200,0.0404015
RE-2/3/29,A,9200,0.0336555
RE-2/3/29,B,9200,0.0377177
RE-2/3/29,C,9200,0.0246919
RE-2/3/30,A,9200,0.0946219
RE-2/3/30,B,9200,0.0745689
RE-2/3/30,C,9200,0.0368138
RE-2/2/31,A,9200,0.388298
RE-2/2/31,B,9200,0.0314109
RE-2/2/31,C,9200,0.0271434
RE-2/2/29,A,9200,0.0295542
RE-2/2/29,B,9200,0.0571236
RE-2/2/29,C,9200,0.0557942
RE-2/2/30,A,9200,0.0347346
RE-2/2/30,B,9200,0.0460133
RE-2/2/30,C,9200,0.0373151
RE-2/2/33,A,9200,0.0342643
RE-2/2/33,B,9200,0.0746274
RE-2/2/33,C,9200,0.0405031
RE-2/2/34,A,9200,0.0320202
RE-2/2/34,B,9200,0.0481452
RE-2/2/34,C,9200,0.03235
RE-2/2/32,A,9200,0.0269953
RE-2/2/32,B,9200,0.0558285
RE-2/2/32,C,9200,0.0449018
RE-1/3/32,A,9200,0.0124424
RE-1/3/32,B,9200,0.0113059
RE-1/3/32,C,9200,0.0184595
RE-1/3/30,A,9200,0.465125
RE-1/3/30,B,9200,0.0761212
RE-1/3/30,C,9200,0.0493083
RE-1/3/31,A,9200,0.0189505
RE-1/3/31,B,9200,0.0205849
RE-1/3/31,C,9200,0.0126271
RE-2/3/33,A,9200,0.153473
RE-2/3/33,B,9200,0.140734
RE-2/3/33,C,9200,0.0439715
RE-2/3/32,A,9200,0.0369227
RE-2/3/32,B,9200,0.0291039
RE-2/3/32,C,9200,0.0373974
RE-2/3/34,A,9200,0.0338492
RE-2/3/34,B,9200,0.0287977
RE-2/3/34,C,9200,0.0301933
RE-1/2/32,A,9200,0.0257796
RE-1/2/32,B,9200,0.0768895
RE-1/2/32,C,9200,0.0158755
RE-1/2/31,A,9200,0.0051218
RE-1/2/31,B,9200,0.0112174
RE-1/2/31,C,9200,0.00440155
RE-1/2/30,A,9200,0.0332467
RE-1/2/30,B,9200,0.0547012
RE-1/2/30,C,9200,0.0286919
RE-1/3/33,A,9200,0.0255908
RE-1/3/33,B,9200,0.0272923
RE-1/3/33,C,9200,0.0167989
RE-1/3/34,A,9200,0.035918
RE-1/3/34,B,9200,0.035953
RE-1/3/34,C,9200,0.0223506
RE-1/3/35,A,9200,0.0122943
RE-1/3/35,B,9200,0.026567
RE-1/3/35,C,9200,0.0203434
RE-2/3/36,A,9200,0.0645621
RE-2/3/36,B,9200,0.0805592
RE-2/3/36,C,9200,0.0325776
RE-2/3/1,A,9200,0.0366074
RE-2/3/1,B,9200,0.0304537
RE-2/3/1,C,9200,0.0315758
RE-2/3/35,A,9200,0.0374428
RE-2/3/35,B,9200,0.0467411
RE-2/3/35,C,9200,0.0392426
RE-2/2/36,A,9200,0.0405525
RE-2/2/36,B,9200,0.0423214
RE-2/2/36,C,9200,0.0352808
RE-2/2/35,A,9200,0.040084
RE-2/2/35,B,9200,0.091625
RE-2/2/35,C,9200,0.0708074
RE-2/2/1,A,9200,0.0295227
RE-2/2/1,B,9200,0.0361631
RE-2/2/1,C,9200,0.0489778
RE-1/2/35,A,9200,0.0235446
RE-1/2/35,B,9200,0.0313824
RE-1/2/35,C,9200,0.0178051
RE-1/2/33,A,9200,0.0159385
RE-1/2/33,B,9200,0.0163207
RE-1/2/33,C,9200,0.0174667
RE-1/2/34,A,9200,0.012107
RE-1/2/34,B,9200,0.0261938
RE-1/2/34,C,9200,0.0183629
RE-3/2/12,A,9200,0.0112891
RE-3/2/12,B,9200,0.0142574
RE-3/2/12,C,9200,0.0119087
RE-3/2/14,A,9200,0.0142561
RE-3/2/14,B,9200,0.0104557
RE-3/2/14,C,9200,0.0325531
RE-3/2/13,A,9200,0.014073
RE-3/2/13,B,9200,0.0286907
RE-3/2/13,C,9200,0.0166617
RE-3/3/12,A,9200,0.0154765
RE-3/3/12,B,9200,0.0149447
RE-3/3/12,C,9200,0.0115143
RE-3/3/14,A,9200,0.0106354
RE-3/3/14,B,9200,0.010675
RE-3/3/14,C,9200,0.011353
RE-3/3/13,A,9200,0.00900447
RE-3/3/13,B,9200,0.012771
RE-3/3/13,C,9200,0.0136826
RE-3/3/9,A,9200,0.0174221
RE-3/3/9,B,9200,0.0171756
RE-3/3/9,C,9200,0.0121161
RE-3/3/11,A,9200,0.0117695
RE-3/3/11,B,9200,0.0109715
RE-3/3/11,C,9200,0.0116393
RE-3/3/10,A,9200,0.0127908
RE-3/3/10,B,9200,0.0136101
RE-3/3/10,C,9200,0.0129621
RE-3/2/9,A,9200,0.0100601
RE-3/2/9,B,9200,0.0131291
RE-3/2/9,C,9200,0.014195
RE-3/2/11,A,9200,0.0131827
RE-3/2/11,B,9200,0.0182618
RE-3/2/11,C,9200,0.0226665
RE-3/2/10,A,9200,0.022225
RE-3/2/10,B,9200,0.14501
RE-3/2/10,C,9200,0.0291121
RE-3/2/16,A,9200,0.00865105
RE-3/2/16,B,9200,0.0178811
RE-3/2/16,C,9200,0.0233184
RE-3/2/17,A,9200,0.00975972
RE-3/2/17,B,9200,0.0187929
RE-3/2/17,C,9200,0.0133202
RE-3/2/15,A,9200,0.0137217
RE-3/2/15,B,9200,0.0189111
RE-3/2/15,C,9200,0.0128
RE-3/3/17,A,9200,0.0237333
RE-3/3/17,B,9200,0.0116925
RE-3/3/17,C,9200,0.0108924
RE-3/3/16,A,9200,0.0121409
RE-3/3/16,B,9200,0.0159639
RE-3/3/16,C,9200,0.0168031
RE-3/3/15,A,9200,0.0517295
RE-3/3/15,B,9200,0.0420126
RE-3/3/15,C,9200,0.0249113
RE-3/3/20,A,9200,0.00923239
RE-3/3/20,B,9200,0.0100289
RE-3/3/20,C,9200,0.00981739
RE-3/3/18,A,9200,0.351905
RE-3/3/18,B,9200,0.0146537
RE-3/3/18,C,9200,0.0104362
RE-3/3/19,A,9200,0.0251588
RE-3/3/19,B,9200,0.0249258
RE-3/3/19,C,9200,0.0222066
RE-3/2/20,A,9200,0.0274106
RE-3/2/20,B,9200,0.0239633
RE-3/2/20,C,9200,0.0324299
RE-3/2/18,A,9200,0.012443
RE-3/2/18,B,9200,0.0124334
RE-3/2/18,C,9200,0.0134893
RE-3/2/19,A,9200,0.0154411
RE-3/2/19,B,9200,0.0276666
RE-3/2/19,C,9200,0.0576186
RE-3/3/24,A,9200,0.0177153
RE-3/3/24,B,9200,0.0168859
RE-3/3/24,C,9200,0.014049
RE-3/3/26,A,9200,0.0213956
RE-3/3/26,B,9200,0.0190606
RE-3/3/26,C,9200,0.0183383
RE-3/3/25,A,9200,0.00826446
RE-3/3/25,B,9200,0.00826437
RE-3/3/25,C,9200,0.0101958
RE-3/2/26,A,9200,0.0103167
RE-3/2/26,B,9200,0.0132213
RE-3/2/26,C,9200,0.0139056
RE-3/2/25,A,9200,0.0261512
RE-3/2/25,B,9200,0.0336941
RE-3/2/25,C,9200,0.0191256
RE-3/2/24,A,9200,0.00790594
RE-3/2/24,B,9200,0.0108928
RE-3/2/24,C,9200,0.00923348
RE-3/2/23,A,9200,0.0116637
RE-3/2/23,B,9200,0.134431
RE-3/2/23,C,9200,0.0171469
RE-3/2/21,A,9200,0.0186756
RE-3/2/21,B,9200,0.0167187
RE-3/2/21,C,9200,0.025306
RE-3/2/22,A,9200,0.0110567
RE-3/2/22,B,9200,0.0310209
RE-3/2/22,C,9200,0.0215636
RE-3/3/23,A,9200,0.00845
RE-3/3/23,B,9200,0.00914184
RE-3/3/23,C,9200,0.0097209
RE-3/3/21,A,9200,0.0459738
RE-3/3/21,B,9200,0.014062
RE-3/3/21,C,9200,0.013172
RE-3/3/22,A,9200,0.00853632
RE-3/3/22,B,9200,0.00777623
RE-3/3/22,C,9200,0.00709714
RE-3/2/35,A,9200,0.0116159
RE-3/2/35,B,9200,0.0172703
RE-3/2/35,C,9200,0.0536927
RE-3/2/34,A,9200,0.0139605
RE-3/2/34,B,9200,0.0352939
RE-3/2/34,C,9200,0.0222715
RE-3/2/33,A,9200,0.0106018
RE-3/2/33,B,9200,0.0230629
RE-3/2/33,C,9200,0.0166514
RE-3/3/33,A,9200,0.0168447
RE-3/3/33,B,9200,0.0237194
RE-3/3/33,C,9200,0.0162248
RE-3/3/34,A,9200,0.00949289
RE-3/3/34,B,9200,0.0117434
RE-3/3/34,C,9200,0.0131105
RE-3/3/35,A,9200,0.0102902
RE-3/3/35,B,9200,0.0107692
RE-3/3/35,C,9200,0.011204
RE-3/2/1,A,9200,0.0325387
RE-3/2/1,B,9200,0.0571889
RE-3/2/1,C,9200,0.0332189
RE-3/2/36,A,9200,0.0677659
RE-3/2/36,B,9200,0.035313
RE-3/2/36,C,9200,0.0452209
RE-3/2/2,A,9200,0.0141914
RE-3/2/2,B,9200,0.0148258
RE-3/2/2,C,9200,0.0176995
RE-3/3/2,A,9200,0.00902283
RE-3/3/2,B,9200,0.0114888
RE-3/3/2,C,9200,0.0119093
RE-3/3/1,A,9200,0.00822119
RE-3/3/1,B,9200,0.0115087
RE-3/3/1,C,9200,0.0112795
RE-3/3/36,A,9200,0.0123957
RE-3/3/36,B,9200,0.0221134
RE-3/3/36,C,9200,0.00811498
RE-3/3/4,A,9200,0.0114749
RE-3/3/4,B,9200,0.0103722
RE-3/3/4,C,9200,0.0108807
RE-3/3/3,A,9200,0.0198624
RE-3/3/3,B,9200,0.0181123
RE-3/3/3,C,9200,0.0133894
RE-3/3/5,A,9200,0.00859302
RE-3/3/5,B,9200,0.010961
RE-3/3/5,C,9200,0.0108954
RE-3/2/6,A,9200,0.0159038
RE-3/2/6,B,9200,0.0933962
RE-3/2/6,C,9200,0.0154222
RE-3/2/7,A,9200,0.0209224
RE-3/2/7,B,9200,0.0282628
RE-3/2/7,C,9200,0.0385759
RE-3/2/8,A,9200,0.0156316
RE-3/2/8,B,9200,0.0173857
RE-3/2/8,C,9200,0.0145797
RE-3/3/7,A,9200,0.00882462
RE-3/3/7,B,9200,0.0109742
RE-3/3/7,C,9200,0.0141898
RE-3/3/8,A,9200,0.0110278
RE-3/3/8,B,9200,0.0129511
RE-3/3/8,C,9200,0.0109705
RE-3/3/6,A,9200,0.0239163
RE-3/3/6,B,9200,0.0380999
RE-3/3/6,C,9200,0.016805
RE-3/2/3,A,9200,0.0125696
RE-3/2/3,B,9200,0.0271796
RE-3/2/3,C,9200,0.0190422
RE-3/2/4,A,9200,0.0160713
RE-3/2/4,B,9200,0.0331476
RE-3/2/4,C,9200,0.0218881
RE-3/2/5,A,9200,0.0108812
RE-3/2/5,B,9200,0.0109252
RE-3/2/5,C,9200,0.0135997
RE-3/3/31,A,9200,0.0242707
RE-3/3/31,B,9200,0.0227051
RE-3/3/31,C,9200,0.0311507
RE-3/3/32,A,9200,0.00796721
RE-3/3/32,B,9200,0.00817472
RE-3/3/32,C,9200,0.0108282
RE-3/3/30,A,9200,0.0207195
RE-3/3/30,B,9200,0.0159099
RE-3/3/30,C,9200,0.00953735
RE-3/2/27,A,9200,0.0129133
RE-3/2/27,B,9200,0.0159831
RE-3/2/27,C,9200,0.014036
RE-3/2/29,A,9200,0.0130577
RE-3/2/29,B,9200,0.0149074
RE-3/2/29,C,9200,0.0146912
RE-3/2/28,A,9200,0.0101733
RE-3/2/28,B,9200,0.0239963
RE-3/2/28,C,9200,0.0208686
RE-3/3/27,A,9200,0.0159442
RE-3/3/27,B,9200,0.0191628
RE-3/3/27,C,9200,0.0127785
RE-3/3/28,A,9200,0.00759592
RE-3/3/28,B,9200,0.00692084
RE-3/3/28,C,9200,0.00835832
RE-3/3/29,A,9200,0.00717969
RE-3/3/29,B,9200,0.0117613
RE-3/3/29,C,9200,0.011179
RE-3/2/30,A,9200,0.0104825
RE-3/2/30,B,9200,0.011337
RE-3/2/30,C,9200,0.010043
RE-3/2/32,A,9200,0.0102342
RE-3/2/32,B,9200,0.0138961
RE-3/2/32,C,9200,0.011169
RE-3/2/31,A,9200,0.0151144
RE-3/2/31,B,9200,0.0451857
RE-3/2/31,C,9200,0.0170771
