RPCUSEndcap/HV/RPC_EP1_R2_C01_C02_HV,9494
RPCUSEndcap/HV/RPC_EP1_R2_C03_C04_HV,9518
RPCUSEndcap/HV/RPC_EP1_R2_C05_C06_HV,9487
RPCUSEndcap/HV/RPC_EP1_R2_C07_C08_HV,9484
RPCUSEndcap/HV/RPC_EP1_R2_C09_C10_HV,9490
RPCUSEndcap/HV/RPC_EP1_R2_C29_C30_HV,9566
RPCUSEndcap/HV/RPC_EP1_R2_C31_C32_HV,9552
RPCUSEndcap/HV/RPC_EP1_R2_C33_C34_HV,9620
RPCUSEndcap/HV/RPC_EP1_R2_C35_C36_HV,9603
RPCUSEndcap/HV/RPC_EP1_R3_C01_C02_HV,9551
RPCUSEndcap/HV/RPC_EP1_R3_C03_C04_HV,9494
RPCUSEndcap/HV/RPC_EP1_R3_C05_C06_HV,9487
RPCUSEndcap/HV/RPC_EP1_R3_C07_C08_HV,9464
RPCUSEndcap/HV/RPC_EP1_R3_C09_C10_HV,9496
RPCUSEndcap/HV/RPC_EP1_R3_C29_C30_HV,9647
RPCUSEndcap/HV/RPC_EP1_R3_C31_C32_HV,9592
RPCUSEndcap/HV/RPC_EP1_R3_C33_C34_HV,9577
RPCUSEndcap/HV/RPC_EP1_R3_C35_C36_HV,9627
RPCUSEndcap/HV/RPC_EP2_R2_R3_C01_HV,9531
RPCUSEndcap/HV/RPC_EP2_R2_R3_C02_HV,9504
RPCUSEndcap/HV/RPC_EP2_R2_R3_C03_HV,9612
RPCUSEndcap/HV/RPC_EP2_R2_R3_C04_HV,9528
RPCUSEndcap/HV/RPC_EP2_R2_R3_C05_HV,9575
RPCUSEndcap/HV/RPC_EP2_R2_R3_C06_HV,9512
RPCUSEndcap/HV/RPC_EP2_R2_R3_C07_HV,9523
RPCUSEndcap/HV/RPC_EP2_R2_R3_C08_HV,9550
RPCUSEndcap/HV/RPC_EP2_R2_R3_C09_HV,9545
RPCUSEndcap/HV/RPC_EP2_R2_R3_C10_HV,9566
RPCUSEndcap/HV/RPC_EP2_R2_R3_C29_HV,9514
RPCUSEndcap/HV/RPC_EP2_R2_R3_C30_HV,9521
RPCUSEndcap/HV/RPC_EP2_R2_R3_C31_HV,9535
RPCUSEndcap/HV/RPC_EP2_R2_R3_C32_HV,9531
RPCUSEndcap/HV/RPC_EP2_R2_R3_C33_HV,9530
RPCUSEndcap/HV/RPC_EP2_R2_R3_C34_HV,9516
RPCUSEndcap/HV/RPC_EP2_R2_R3_C35_HV,9547
RPCUSEndcap/HV/RPC_EP2_R2_R3_C36_HV,9410
RPCUSEndcap/HV/RPC_EP3_R2_R3_C01_HV,9589
RPCUSEndcap/HV/RPC_EP3_R2_R3_C02_HV,9608
RPCUSEndcap/HV/RPC_EP3_R2_R3_C03_HV,9629
RPCUSEndcap/HV/RPC_EP3_R2_R3_C04_HV,9589
RPCUSEndcap/HV/RPC_EP3_R2_R3_C05_HV,9589
RPCUSEndcap/HV/RPC_EP3_R2_R3_C06_HV,9484
RPCUSEndcap/HV/RPC_EP3_R2_R3_C07_HV,9636
RPCUSEndcap/HV/RPC_EP3_R2_R3_C08_HV,9563
RPCUSEndcap/HV/RPC_EP3_R2_R3_C09_HV,9505
RPCUSEndcap/HV/RPC_EP3_R2_R3_C10_HV,9518
RPCUSEndcap/HV/RPC_EP3_R2_R3_C29_HV,9693
RPCUSEndcap/HV/RPC_EP3_R2_R3_C30_HV,9750
RPCUSEndcap/HV/RPC_EP3_R2_R3_C31_HV,9624
RPCUSEndcap/HV/RPC_EP3_R2_R3_C32_HV,9619
RPCUSEndcap/HV/RPC_EP3_R2_R3_C33_HV,9617
RPCUSEndcap/HV/RPC_EP3_R2_R3_C34_HV,9632
RPCUSEndcap/HV/RPC_EP3_R2_R3_C35_HV,9599
RPCUSEndcap/HV/RPC_EP3_R2_R3_C36_HV,9447
RPCUSEndcap/HV/RPC_EP1_R2_C11_C12_HV,9425
RPCUSEndcap/HV/RPC_EP1_R2_C13_C14_HV,9420
RPCUSEndcap/HV/RPC_EP1_R2_C15_C16_HV,9517
RPCUSEndcap/HV/RPC_EP1_R2_C17_C18_HV,9473
RPCUSEndcap/HV/RPC_EP1_R2_C19_C20_HV,9478
RPCUSEndcap/HV/RPC_EP1_R2_C21_C22_HV,9527
RPCUSEndcap/HV/RPC_EP1_R2_C23_C24_HV,9554
RPCUSEndcap/HV/RPC_EP1_R2_C25_C26_HV,9540
RPCUSEndcap/HV/RPC_EP1_R2_C27_C28_HV,9516
RPCUSEndcap/HV/RPC_EP1_R3_C11_C12_HV,9372
RPCUSEndcap/HV/RPC_EP1_R3_C13_C14_HV,9467
RPCUSEndcap/HV/RPC_EP1_R3_C15_C16_HV,9564
RPCUSEndcap/HV/RPC_EP1_R3_C17_C18_HV,9506
RPCUSEndcap/HV/RPC_EP1_R3_C19_C20_HV,9574
RPCUSEndcap/HV/RPC_EP1_R3_C21_C22_HV,9606
RPCUSEndcap/HV/RPC_EP1_R3_C23_C24_HV,9633
RPCUSEndcap/HV/RPC_EP1_R3_C25_C26_HV,9618
RPCUSEndcap/HV/RPC_EP1_R3_C27_C28_HV,9574
RPCUSEndcap/HV/RPC_EP2_R2_R3_C11_HV,9567
RPCUSEndcap/HV/RPC_EP2_R2_R3_C12_HV,9484
RPCUSEndcap/HV/RPC_EP2_R2_R3_C13_HV,9494
RPCUSEndcap/HV/RPC_EP2_R2_R3_C14_HV,9547
RPCUSEndcap/HV/RPC_EP2_R2_R3_C15_HV,9346
RPCUSEndcap/HV/RPC_EP2_R2_R3_C16_HV,9574
RPCUSEndcap/HV/RPC_EP2_R2_R3_C17_HV,9520
RPCUSEndcap/HV/RPC_EP2_R2_R3_C18_HV,9620
RPCUSEndcap/HV/RPC_EP2_R2_R3_C19_HV,9538
RPCUSEndcap/HV/RPC_EP2_R2_R3_C20_HV,9632
RPCUSEndcap/HV/RPC_EP2_R2_R3_C21_HV,9516
RPCUSEndcap/HV/RPC_EP2_R2_R3_C22_HV,9603
RPCUSEndcap/HV/RPC_EP2_R2_R3_C23_HV,9533
RPCUSEndcap/HV/RPC_EP2_R2_R3_C24_HV,9574
RPCUSEndcap/HV/RPC_EP2_R2_R3_C25_HV,9539
RPCUSEndcap/HV/RPC_EP2_R2_R3_C26_HV,9600
RPCUSEndcap/HV/RPC_EP2_R2_R3_C27_HV,9632
RPCUSEndcap/HV/RPC_EP2_R2_R3_C28_HV,9558
RPCUSEndcap/HV/RPC_EP3_R2_R3_C11_HV,9582
RPCUSEndcap/HV/RPC_EP3_R2_R3_C12_HV,9545
RPCUSEndcap/HV/RPC_EP3_R2_R3_C13_HV,9509
RPCUSEndcap/HV/RPC_EP3_R2_R3_C14_HV,9578
RPCUSEndcap/HV/RPC_EP3_R2_R3_C15_HV,9374
RPCUSEndcap/HV/RPC_EP3_R2_R3_C16_HV,9546
RPCUSEndcap/HV/RPC_EP3_R2_R3_C17_HV,9607
RPCUSEndcap/HV/RPC_EP3_R2_R3_C18_HV,9633
RPCUSEndcap/HV/RPC_EP3_R2_R3_C19_HV,9704
RPCUSEndcap/HV/RPC_EP3_R2_R3_C20_HV,9668
RPCUSEndcap/HV/RPC_EP3_R2_R3_C21_HV,9701
RPCUSEndcap/HV/RPC_EP3_R2_R3_C22_HV,9661
RPCUSEndcap/HV/RPC_EP3_R2_R3_C23_HV,9691
RPCUSEndcap/HV/RPC_EP3_R2_R3_C24_HV,9728
RPCUSEndcap/HV/RPC_EP3_R2_R3_C25_HV,9710
RPCUSEndcap/HV/RPC_EP3_R2_R3_C26_HV,9668
RPCUSEndcap/HV/RPC_EP3_R2_R3_C27_HV,9691
RPCUSEndcap/HV/RPC_EP3_R2_R3_C28_HV,9624
RPCUSEndcap/HV/RPC_EN1_R2_C01_C02_HV,9527
RPCUSEndcap/HV/RPC_EN1_R2_C03_C04_HV,9510
RPCUSEndcap/HV/RPC_EN1_R2_C05_C06_HV,9436
RPCUSEndcap/HV/RPC_EN1_R2_C07_C08_HV,9436
RPCUSEndcap/HV/RPC_EN1_R2_C09_C10_HV,9466
RPCUSEndcap/HV/RPC_EN1_R2_C29_C30_HV,9551
RPCUSEndcap/HV/RPC_EN1_R2_C31_C32_HV,9510
RPCUSEndcap/HV/RPC_EN1_R2_C33_C34_HV,9569
RPCUSEndcap/HV/RPC_EN1_R2_C35_C36_HV,9507
RPCUSEndcap/HV/RPC_EN1_R3_C01_C02_HV,9464
RPCUSEndcap/HV/RPC_EN1_R3_C03_C04_HV,9507
RPCUSEndcap/HV/RPC_EN1_R3_C05_C06_HV,9495
RPCUSEndcap/HV/RPC_EN1_R3_C07_C08_HV,9413
RPCUSEndcap/HV/RPC_EN1_R3_C09_C10_HV,9488
RPCUSEndcap/HV/RPC_EN1_R3_C29_C30_HV,9670
RPCUSEndcap/HV/RPC_EN1_R3_C31_C32_HV,9694
RPCUSEndcap/HV/RPC_EN1_R3_C33_C34_HV,9575
RPCUSEndcap/HV/RPC_EN1_R3_C35_C36_HV,9587
RPCUSEndcap/HV/RPC_EN2_R2_R3_C01_HV,9483
RPCUSEndcap/HV/RPC_EN2_R2_R3_C02_HV,9561
RPCUSEndcap/HV/RPC_EN2_R2_R3_C03_HV,9528
RPCUSEndcap/HV/RPC_EN2_R2_R3_C04_HV,9682
RPCUSEndcap/HV/RPC_EN2_R2_R3_C05_HV,9581
RPCUSEndcap/HV/RPC_EN2_R2_R3_C06_HV,9496
RPCUSEndcap/HV/RPC_EN2_R2_R3_C07_HV,9522
RPCUSEndcap/HV/RPC_EN2_R2_R3_C08_HV,9652
RPCUSEndcap/HV/RPC_EN2_R2_R3_C09_HV,9555
RPCUSEndcap/HV/RPC_EN2_R2_R3_C10_HV,9538
RPCUSEndcap/HV/RPC_EN2_R2_R3_C29_HV,9549
RPCUSEndcap/HV/RPC_EN2_R2_R3_C30_HV,9433
RPCUSEndcap/HV/RPC_EN2_R2_R3_C31_HV,9557
RPCUSEndcap/HV/RPC_EN2_R2_R3_C32_HV,9518
RPCUSEndcap/HV/RPC_EN2_R2_R3_C33_HV,9580
RPCUSEndcap/HV/RPC_EN2_R2_R3_C34_HV,9491
RPCUSEndcap/HV/RPC_EN2_R2_R3_C35_HV,9599
RPCUSEndcap/HV/RPC_EN2_R2_R3_C36_HV,9537
RPCUSEndcap/HV/RPC_EN3_R2_R3_C01_HV,9581
RPCUSEndcap/HV/RPC_EN3_R2_R3_C02_HV,9617
RPCUSEndcap/HV/RPC_EN3_R2_R3_C03_HV,9590
RPCUSEndcap/HV/RPC_EN3_R2_R3_C04_HV,9703
RPCUSEndcap/HV/RPC_EN3_R2_R3_C05_HV,9670
RPCUSEndcap/HV/RPC_EN3_R2_R3_C06_HV,9622
RPCUSEndcap/HV/RPC_EN3_R2_R3_C07_HV,9605
RPCUSEndcap/HV/RPC_EN3_R2_R3_C08_HV,9702
RPCUSEndcap/HV/RPC_EN3_R2_R3_C09_HV,9652
RPCUSEndcap/HV/RPC_EN3_R2_R3_C10_HV,9627
RPCUSEndcap/HV/RPC_EN3_R2_R3_C29_HV,9750
RPCUSEndcap/HV/RPC_EN3_R2_R3_C30_HV,9734
RPCUSEndcap/HV/RPC_EN3_R2_R3_C31_HV,9582
RPCUSEndcap/HV/RPC_EN3_R2_R3_C32_HV,9698
RPCUSEndcap/HV/RPC_EN3_R2_R3_C33_HV,9604
RPCUSEndcap/HV/RPC_EN3_R2_R3_C34_HV,9692
RPCUSEndcap/HV/RPC_EN3_R2_R3_C35_HV,9670
RPCUSEndcap/HV/RPC_EN3_R2_R3_C36_HV,9646
RPCUSEndcap/HV/RPC_EN1_R2_C11_C12_HV,9417
RPCUSEndcap/HV/RPC_EN1_R2_C13_C14_HV,9437
RPCUSEndcap/HV/RPC_EN1_R2_C15_C16_HV,9455
RPCUSEndcap/HV/RPC_EN1_R2_C17_C18_HV,9474
RPCUSEndcap/HV/RPC_EN1_R2_C19_C20_HV,9468
RPCUSEndcap/HV/RPC_EN1_R2_C21_C22_HV,9515
RPCUSEndcap/HV/RPC_EN1_R2_C23_C24_HV,9515
RPCUSEndcap/HV/RPC_EN1_R2_C25_C26_HV,9510
RPCUSEndcap/HV/RPC_EN1_R2_C27_C28_HV,9505
RPCUSEndcap/HV/RPC_EN1_R3_C11_C12_HV,9499
RPCUSEndcap/HV/RPC_EN1_R3_C13_C14_HV,9474
RPCUSEndcap/HV/RPC_EN1_R3_C15_C16_HV,9525
RPCUSEndcap/HV/RPC_EN1_R3_C17_C18_HV,9581
RPCUSEndcap/HV/RPC_EN1_R3_C19_C20_HV,9481
RPCUSEndcap/HV/RPC_EN1_R3_C21_C22_HV,9597
RPCUSEndcap/HV/RPC_EN1_R3_C23_C24_HV,9621
RPCUSEndcap/HV/RPC_EN1_R3_C25_C26_HV,9668
RPCUSEndcap/HV/RPC_EN1_R3_C27_C28_HV,9618
RPCUSEndcap/HV/RPC_EN2_R2_R3_C11_HV,9521
RPCUSEndcap/HV/RPC_EN2_R2_R3_C12_HV,9477
RPCUSEndcap/HV/RPC_EN2_R2_R3_C13_HV,9556
RPCUSEndcap/HV/RPC_EN2_R2_R3_C14_HV,9570
RPCUSEndcap/HV/RPC_EN2_R2_R3_C15_HV,9599
RPCUSEndcap/HV/RPC_EN2_R2_R3_C16_HV,9546
RPCUSEndcap/HV/RPC_EN2_R2_R3_C17_HV,9644
RPCUSEndcap/HV/RPC_EN2_R2_R3_C18_HV,9528
RPCUSEndcap/HV/RPC_EN2_R2_R3_C19_HV,9589
RPCUSEndcap/HV/RPC_EN2_R2_R3_C20_HV,9649
RPCUSEndcap/HV/RPC_EN2_R2_R3_C21_HV,9533
RPCUSEndcap/HV/RPC_EN2_R2_R3_C22_HV,9587
RPCUSEndcap/HV/RPC_EN2_R2_R3_C23_HV,9584
RPCUSEndcap/HV/RPC_EN2_R2_R3_C24_HV,9539
RPCUSEndcap/HV/RPC_EN2_R2_R3_C25_HV,9603
RPCUSEndcap/HV/RPC_EN2_R2_R3_C26_HV,9504
RPCUSEndcap/HV/RPC_EN2_R2_R3_C27_HV,9499
RPCUSEndcap/HV/RPC_EN2_R2_R3_C28_HV,9584
RPCUSEndcap/HV/RPC_EN3_R2_R3_C11_HV,9640
RPCUSEndcap/HV/RPC_EN3_R2_R3_C12_HV,9687
RPCUSEndcap/HV/RPC_EN3_R2_R3_C13_HV,9736
RPCUSEndcap/HV/RPC_EN3_R2_R3_C14_HV,9652
RPCUSEndcap/HV/RPC_EN3_R2_R3_C15_HV,9595
RPCUSEndcap/HV/RPC_EN3_R2_R3_C16_HV,9690
RPCUSEndcap/HV/RPC_EN3_R2_R3_C17_HV,9678
RPCUSEndcap/HV/RPC_EN3_R2_R3_C18_HV,9692
RPCUSEndcap/HV/RPC_EN3_R2_R3_C19_HV,9673
RPCUSEndcap/HV/RPC_EN3_R2_R3_C20_HV,9648
RPCUSEndcap/HV/RPC_EN3_R2_R3_C21_HV,9721
RPCUSEndcap/HV/RPC_EN3_R2_R3_C22_HV,9750
RPCUSEndcap/HV/RPC_EN3_R2_R3_C23_HV,9647
RPCUSEndcap/HV/RPC_EN3_R2_R3_C24_HV,9707
RPCUSEndcap/HV/RPC_EN3_R2_R3_C25_HV,9733
RPCUSEndcap/HV/RPC_EN3_R2_R3_C26_HV,9652
RPCUSEndcap/HV/RPC_EN3_R2_R3_C27_HV,9717
RPCUSEndcap/HV/RPC_EN3_R2_R3_C28_HV,9744
