RPCUSBarrel/HV/RPC_WP2_S01_RB1in_HV,9154
RPCUSBarrel/HV/RPC_WP2_S01_RB1out_HV,9370
RPCUSBarrel/HV/RPC_WP2_S01_RB2in_HV,9185
RPCUSBarrel/HV/RPC_WP2_S01_RB2out_HV,9228
RPCUSBarrel/HV/RPC_WP2_S01_RB3minus_HV,9228
RPCUSBarrel/HV/RPC_WP2_S01_RB3plus_HV,9221
RPCUSBarrel/HV/RPC_WP2_S01_RB4minus_HV,9375
RPCUSBarrel/HV/RPC_WP2_S01_RB4plus_HV,9230
RPCUSBarrel/HV/RPC_WP2_S02_RB1in_HV,9203
RPCUSBarrel/HV/RPC_WP2_S02_RB1out_HV,9279
RPCUSBarrel/HV/RPC_WP2_S02_RB2in_HV,9380
RPCUSBarrel/HV/RPC_WP2_S02_RB2out_HV,9409
RPCUSBarrel/HV/RPC_WP2_S02_RB3minus_HV,9393
RPCUSBarrel/HV/RPC_WP2_S02_RB3plus_HV,9405
RPCUSBarrel/HV/RPC_WP2_S02_RB4minus_HV,9480
RPCUSBarrel/HV/RPC_WP2_S02_RB4plus_HV,9483
RPCUSBarrel/HV/RPC_WP2_S03_RB1in_HV,9169
RPCUSBarrel/HV/RPC_WP2_S03_RB1out_HV,9136
RPCUSBarrel/HV/RPC_WP2_S03_RB2in_HV,9245
RPCUSBarrel/HV/RPC_WP2_S03_RB2out_HV,9314
RPCUSBarrel/HV/RPC_WP2_S03_RB3minus_HV,9360
RPCUSBarrel/HV/RPC_WP2_S03_RB3plus_HV,9326
RPCUSBarrel/HV/RPC_WP2_S03_RB4minus_HV,9567
RPCUSBarrel/HV/RPC_WP2_S03_RB4plus_HV,9450
RPCUSBarrel/HV/RPC_WP2_S04_RB1in_HV,9100
RPCUSBarrel/HV/RPC_WP2_S04_RB1out_HV,9129
RPCUSBarrel/HV/RPC_WP2_S04_RB2in_HV,9366
RPCUSBarrel/HV/RPC_WP2_S04_RB2out_HV,9326
RPCUSBarrel/HV/RPC_WP2_S04_RB3minus_HV,9337
RPCUSBarrel/HV/RPC_WP2_S04_RB3plus_HV,9333
RPCUSBarrel/HV/RPC_WP2_S04_RB4minusminus_HV,9363
RPCUSBarrel/HV/RPC_WP2_S04_RB4minus_HV,9320
RPCUSBarrel/HV/RPC_WP2_S04_RB4plus_HV,9351
RPCUSBarrel/HV/RPC_WP2_S04_RB4plusplus_HV,9318
RPCUSBarrel/HV/RPC_WP2_S05_RB1in_HV,9134
RPCUSBarrel/HV/RPC_WP2_S05_RB1out_HV,9128
RPCUSBarrel/HV/RPC_WP2_S05_RB2in_HV,9228
RPCUSBarrel/HV/RPC_WP2_S05_RB2out_HV,9311
RPCUSBarrel/HV/RPC_WP2_S05_RB3minus_HV,9375
RPCUSBarrel/HV/RPC_WP2_S05_RB3plus_HV,9376
RPCUSBarrel/HV/RPC_WP2_S05_RB4minus_HV,9421
RPCUSBarrel/HV/RPC_WP2_S05_RB4plus_HV,9371
RPCUSBarrel/HV/RPC_WP2_S06_RB1in_HV,9330
RPCUSBarrel/HV/RPC_WP2_S06_RB1out_HV,9237
RPCUSBarrel/HV/RPC_WP2_S06_RB2in_HV,9376
RPCUSBarrel/HV/RPC_WP2_S06_RB2out_HV,9412
RPCUSBarrel/HV/RPC_WP2_S06_RB3minus_HV,9294
RPCUSBarrel/HV/RPC_WP2_S06_RB3plus_HV,9261
RPCUSBarrel/HV/RPC_WP2_S06_RB4minus_HV,9399
RPCUSBarrel/HV/RPC_WP2_S06_RB4plus_HV,9274
RPCUSBarrel/HV/RPC_WP2_S07_RB1in_HV,9206
RPCUSBarrel/HV/RPC_WP2_S07_RB1out_HV,9245
RPCUSBarrel/HV/RPC_WP2_S07_RB2in_HV,9293
RPCUSBarrel/HV/RPC_WP2_S07_RB2out_HV,9294
RPCUSBarrel/HV/RPC_WP2_S07_RB3minus_HV,9388
RPCUSBarrel/HV/RPC_WP2_S07_RB3plus_HV,9373
RPCUSBarrel/HV/RPC_WP2_S07_RB4minus_HV,9427
RPCUSBarrel/HV/RPC_WP2_S07_RB4plus_HV,9433
RPCUSBarrel/HV/RPC_WP2_S08_RB1in_HV,9280
RPCUSBarrel/HV/RPC_WP2_S08_RB1out_HV,9294
RPCUSBarrel/HV/RPC_WP2_S08_RB2in_HV,9230
RPCUSBarrel/HV/RPC_WP2_S08_RB2out_HV,9560
RPCUSBarrel/HV/RPC_WP2_S08_RB3minus_HV,9367
RPCUSBarrel/HV/RPC_WP2_S08_RB3plus_HV,9386
RPCUSBarrel/HV/RPC_WP2_S08_RB4minus_HV,9402
RPCUSBarrel/HV/RPC_WP2_S08_RB4plus_HV,9396
RPCUSBarrel/HV/RPC_WP2_S09_RB1in_HV,9228
RPCUSBarrel/HV/RPC_WP2_S09_RB1out_HV,9338
RPCUSBarrel/HV/RPC_WP2_S09_RB2in_HV,9217
RPCUSBarrel/HV/RPC_WP2_S09_RB2out_HV,9333
RPCUSBarrel/HV/RPC_WP2_S09_RB3minus_HV,9263
RPCUSBarrel/HV/RPC_WP2_S09_RB3plus_HV,9250
RPCUSBarrel/HV/RPC_WP2_S09_RB4_HV,9521
RPCUSBarrel/HV/RPC_WP2_S10_RB1in_HV,9286
RPCUSBarrel/HV/RPC_WP2_S10_RB1out_HV,9257
RPCUSBarrel/HV/RPC_WP2_S10_RB2in_HV,9352
RPCUSBarrel/HV/RPC_WP2_S10_RB2out_HV,9394
RPCUSBarrel/HV/RPC_WP2_S10_RB3minus_HV,9314
RPCUSBarrel/HV/RPC_WP2_S10_RB3plus_HV,9268
RPCUSBarrel/HV/RPC_WP2_S10_RB4minus_HV,9463
RPCUSBarrel/HV/RPC_WP2_S10_RB4plus_HV,9429
RPCUSBarrel/HV/RPC_WP2_S11_RB1in_HV,9259
RPCUSBarrel/HV/RPC_WP2_S11_RB1out_HV,9234
RPCUSBarrel/HV/RPC_WP2_S11_RB2in_HV,9133
RPCUSBarrel/HV/RPC_WP2_S11_RB2out_HV,9279
RPCUSBarrel/HV/RPC_WP2_S11_RB3minus_HV,9192
RPCUSBarrel/HV/RPC_WP2_S11_RB3plus_HV,9385
RPCUSBarrel/HV/RPC_WP2_S11_RB4_HV,9491
RPCUSBarrel/HV/RPC_WP2_S12_RB1in_HV,9335
RPCUSBarrel/HV/RPC_WP2_S12_RB1out_HV,9375
RPCUSBarrel/HV/RPC_WP2_S12_RB2in_HV,9167
RPCUSBarrel/HV/RPC_WP2_S12_RB2out_HV,9368
RPCUSBarrel/HV/RPC_WP2_S12_RB3minus_HV,9243
RPCUSBarrel/HV/RPC_WP2_S12_RB3plus_HV,9248
RPCUSBarrel/HV/RPC_WP2_S12_RB4minus_HV,9378
RPCUSBarrel/HV/RPC_WP2_S12_RB4plus_HV,9414
RPCUSBarrel/HV/RPC_WP1_S01_RB1in_HV,9354
RPCUSBarrel/HV/RPC_WP1_S01_RB1out_HV,9387
RPCUSBarrel/HV/RPC_WP1_S01_RB2in_HV,9524
RPCUSBarrel/HV/RPC_WP1_S01_RB2out_HV,9310
RPCUSBarrel/HV/RPC_WP1_S01_RB3minus_HV,9388
RPCUSBarrel/HV/RPC_WP1_S01_RB3plus_HV,9299
RPCUSBarrel/HV/RPC_WP1_S01_RB4minus_HV,9600
RPCUSBarrel/HV/RPC_WP1_S01_RB4plus_HV,9534
RPCUSBarrel/HV/RPC_WP1_S02_RB1in_HV,9431
RPCUSBarrel/HV/RPC_WP1_S02_RB1out_HV,9585
RPCUSBarrel/HV/RPC_WP1_S02_RB2in_HV,9396
RPCUSBarrel/HV/RPC_WP1_S02_RB2out_HV,9319
RPCUSBarrel/HV/RPC_WP1_S02_RB3minus_HV,9446
RPCUSBarrel/HV/RPC_WP1_S02_RB3plus_HV,9448
RPCUSBarrel/HV/RPC_WP1_S02_RB4minus_HV,9535
RPCUSBarrel/HV/RPC_WP1_S02_RB4plus_HV,9452
RPCUSBarrel/HV/RPC_WP1_S03_RB1in_HV,9348
RPCUSBarrel/HV/RPC_WP1_S03_RB1out_HV,9346
RPCUSBarrel/HV/RPC_WP1_S03_RB2in_HV,9327
RPCUSBarrel/HV/RPC_WP1_S03_RB2out_HV,9347
RPCUSBarrel/HV/RPC_WP1_S03_RB3minus_HV,9375
RPCUSBarrel/HV/RPC_WP1_S03_RB3plus_HV,9361
RPCUSBarrel/HV/RPC_WP1_S03_RB4minus_HV,9409
RPCUSBarrel/HV/RPC_WP1_S03_RB4plus_HV,9368
RPCUSBarrel/HV/RPC_WP1_S04_RB1in_HV,9327
RPCUSBarrel/HV/RPC_WP1_S04_RB1out_HV,9376
RPCUSBarrel/HV/RPC_WP1_S04_RB2in_HV,9345
RPCUSBarrel/HV/RPC_WP1_S04_RB2out_HV,9285
RPCUSBarrel/HV/RPC_WP1_S04_RB3minus_HV,9310
RPCUSBarrel/HV/RPC_WP1_S04_RB3plus_HV,9305
RPCUSBarrel/HV/RPC_WP1_S04_RB4minusminus_HV,9364
RPCUSBarrel/HV/RPC_WP1_S04_RB4minus_HV,9299
RPCUSBarrel/HV/RPC_WP1_S04_RB4plus_HV,9490
RPCUSBarrel/HV/RPC_WP1_S04_RB4plusplus_HV,9406
RPCUSBarrel/HV/RPC_WP1_S05_RB1in_HV,9393
RPCUSBarrel/HV/RPC_WP1_S05_RB1out_HV,9407
RPCUSBarrel/HV/RPC_WP1_S05_RB2in_HV,9317
RPCUSBarrel/HV/RPC_WP1_S05_RB2out_HV,9355
RPCUSBarrel/HV/RPC_WP1_S05_RB3minus_HV,9359
RPCUSBarrel/HV/RPC_WP1_S05_RB3plus_HV,9297
RPCUSBarrel/HV/RPC_WP1_S05_RB4minus_HV,9378
RPCUSBarrel/HV/RPC_WP1_S05_RB4plus_HV,9381
RPCUSBarrel/HV/RPC_WP1_S06_RB1in_HV,9348
RPCUSBarrel/HV/RPC_WP1_S06_RB1out_HV,9492
RPCUSBarrel/HV/RPC_WP1_S06_RB2in_HV,9363
RPCUSBarrel/HV/RPC_WP1_S06_RB2out_HV,9372
RPCUSBarrel/HV/RPC_WP1_S06_RB3minus_HV,9431
RPCUSBarrel/HV/RPC_WP1_S06_RB3plus_HV,9408
RPCUSBarrel/HV/RPC_WP1_S06_RB4minus_HV,9469
RPCUSBarrel/HV/RPC_WP1_S06_RB4plus_HV,9507
RPCUSBarrel/HV/RPC_WP1_S07_RB1in_HV,9175
RPCUSBarrel/HV/RPC_WP1_S07_RB1out_HV,9304
RPCUSBarrel/HV/RPC_WP1_S07_RB2in_HV,9250
RPCUSBarrel/HV/RPC_WP1_S07_RB2out_HV,9316
RPCUSBarrel/HV/RPC_WP1_S07_RB3minus_HV,9364
RPCUSBarrel/HV/RPC_WP1_S07_RB3plus_HV,9385
RPCUSBarrel/HV/RPC_WP1_S07_RB4minus_HV,9384
RPCUSBarrel/HV/RPC_WP1_S07_RB4plus_HV,9303
RPCUSBarrel/HV/RPC_WP1_S08_RB1in_HV,9373
RPCUSBarrel/HV/RPC_WP1_S08_RB1out_HV,9353
RPCUSBarrel/HV/RPC_WP1_S08_RB2in_HV,9370
RPCUSBarrel/HV/RPC_WP1_S08_RB2out_HV,9307
RPCUSBarrel/HV/RPC_WP1_S08_RB3minus_HV,9291
RPCUSBarrel/HV/RPC_WP1_S08_RB3plus_HV,9308
RPCUSBarrel/HV/RPC_WP1_S08_RB4minus_HV,9600
RPCUSBarrel/HV/RPC_WP1_S08_RB4plus_HV,9445
RPCUSBarrel/HV/RPC_WP1_S09_RB1in_HV,9252
RPCUSBarrel/HV/RPC_WP1_S09_RB1out_HV,9273
RPCUSBarrel/HV/RPC_WP1_S09_RB2in_HV,9419
RPCUSBarrel/HV/RPC_WP1_S09_RB2out_HV,9370
RPCUSBarrel/HV/RPC_WP1_S09_RB3minus_HV,9400
RPCUSBarrel/HV/RPC_WP1_S09_RB3plus_HV,9387
RPCUSBarrel/HV/RPC_WP1_S09_RB4_HV,9466
RPCUSBarrel/HV/RPC_WP1_S10_RB1in_HV,9228
RPCUSBarrel/HV/RPC_WP1_S10_RB1out_HV,9311
RPCUSBarrel/HV/RPC_WP1_S10_RB2in_HV,9399
RPCUSBarrel/HV/RPC_WP1_S10_RB2out_HV,9307
RPCUSBarrel/HV/RPC_WP1_S10_RB3minus_HV,9355
RPCUSBarrel/HV/RPC_WP1_S10_RB3plus_HV,9394
RPCUSBarrel/HV/RPC_WP1_S10_RB4minus_HV,9558
RPCUSBarrel/HV/RPC_WP1_S10_RB4plus_HV,9335
RPCUSBarrel/HV/RPC_WP1_S11_RB1in_HV,9357
RPCUSBarrel/HV/RPC_WP1_S11_RB1out_HV,9270
RPCUSBarrel/HV/RPC_WP1_S11_RB2in_HV,9321
RPCUSBarrel/HV/RPC_WP1_S11_RB2out_HV,9303
RPCUSBarrel/HV/RPC_WP1_S11_RB3minus_HV,9493
RPCUSBarrel/HV/RPC_WP1_S11_RB3plus_HV,9406
RPCUSBarrel/HV/RPC_WP1_S11_RB4_HV,9440
RPCUSBarrel/HV/RPC_WP1_S12_RB1in_HV,9338
RPCUSBarrel/HV/RPC_WP1_S12_RB1out_HV,9506
RPCUSBarrel/HV/RPC_WP1_S12_RB2in_HV,9355
RPCUSBarrel/HV/RPC_WP1_S12_RB2out_HV,9520
RPCUSBarrel/HV/RPC_WP1_S12_RB3minus_HV,9416
RPCUSBarrel/HV/RPC_WP1_S12_RB3plus_HV,9397
RPCUSBarrel/HV/RPC_WP1_S12_RB4minus_HV,9422
RPCUSBarrel/HV/RPC_WP1_S12_RB4plus_HV,9595
RPCUSBarrel/HV/RPC_W00_S01_RB1in_HV,9289
RPCUSBarrel/HV/RPC_W00_S01_RB1out_HV,9356
RPCUSBarrel/HV/RPC_W00_S01_RB2in_HV,9341
RPCUSBarrel/HV/RPC_W00_S01_RB2out_HV,9290
RPCUSBarrel/HV/RPC_W00_S01_RB3minus_HV,9249
RPCUSBarrel/HV/RPC_W00_S01_RB3plus_HV,9189
RPCUSBarrel/HV/RPC_W00_S01_RB4minus_HV,9391
RPCUSBarrel/HV/RPC_W00_S01_RB4plus_HV,9431
RPCUSBarrel/HV/RPC_W00_S02_RB1in_HV,9460
RPCUSBarrel/HV/RPC_W00_S02_RB1out_HV,9485
RPCUSBarrel/HV/RPC_W00_S02_RB2in_HV,9368
RPCUSBarrel/HV/RPC_W00_S02_RB2out_HV,9374
RPCUSBarrel/HV/RPC_W00_S02_RB3minus_HV,9315
RPCUSBarrel/HV/RPC_W00_S02_RB3plus_HV,9419
RPCUSBarrel/HV/RPC_W00_S02_RB4minus_HV,9429
RPCUSBarrel/HV/RPC_W00_S02_RB4plus_HV,9378
RPCUSBarrel/HV/RPC_W00_S03_RB1in_HV,9352
RPCUSBarrel/HV/RPC_W00_S03_RB1out_HV,9434
RPCUSBarrel/HV/RPC_W00_S03_RB2in_HV,9420
RPCUSBarrel/HV/RPC_W00_S03_RB2out_HV,9406
RPCUSBarrel/HV/RPC_W00_S03_RB3minus_HV,9464
RPCUSBarrel/HV/RPC_W00_S03_RB3plus_HV,9232
RPCUSBarrel/HV/RPC_W00_S03_RB4minus_HV,9540
RPCUSBarrel/HV/RPC_W00_S03_RB4plus_HV,9409
RPCUSBarrel/HV/RPC_W00_S04_RB1in_HV,9320
RPCUSBarrel/HV/RPC_W00_S04_RB1out_HV,9406
RPCUSBarrel/HV/RPC_W00_S04_RB2in_HV,9400
RPCUSBarrel/HV/RPC_W00_S04_RB2out_HV,9240
RPCUSBarrel/HV/RPC_W00_S04_RB3minus_HV,9349
RPCUSBarrel/HV/RPC_W00_S04_RB3plus_HV,9399
RPCUSBarrel/HV/RPC_W00_S04_RB4minusminus_HV,9406
RPCUSBarrel/HV/RPC_W00_S04_RB4minus_HV,9411
RPCUSBarrel/HV/RPC_W00_S04_RB4plus_HV,9441
RPCUSBarrel/HV/RPC_W00_S04_RB4plusplus_HV,9361
RPCUSBarrel/HV/RPC_W00_S05_RB1in_HV,9410
RPCUSBarrel/HV/RPC_W00_S05_RB1out_HV,9438
RPCUSBarrel/HV/RPC_W00_S05_RB2in_HV,9333
RPCUSBarrel/HV/RPC_W00_S05_RB2out_HV,9451
RPCUSBarrel/HV/RPC_W00_S05_RB3minus_HV,9433
RPCUSBarrel/HV/RPC_W00_S05_RB3plus_HV,9375
RPCUSBarrel/HV/RPC_W00_S05_RB4minus_HV,9423
RPCUSBarrel/HV/RPC_W00_S05_RB4plus_HV,9433
RPCUSBarrel/HV/RPC_W00_S06_RB1in_HV,9381
RPCUSBarrel/HV/RPC_W00_S06_RB1out_HV,9454
RPCUSBarrel/HV/RPC_W00_S06_RB2in_HV,9429
RPCUSBarrel/HV/RPC_W00_S06_RB2out_HV,9299
RPCUSBarrel/HV/RPC_W00_S06_RB3minus_HV,9319
RPCUSBarrel/HV/RPC_W00_S06_RB3plus_HV,9284
RPCUSBarrel/HV/RPC_W00_S06_RB4minus_HV,9451
RPCUSBarrel/HV/RPC_W00_S06_RB4plus_HV,9530
RPCUSBarrel/HV/RPC_W00_S07_RB1in_HV,9443
RPCUSBarrel/HV/RPC_W00_S07_RB1out_HV,9482
RPCUSBarrel/HV/RPC_W00_S07_RB2in_HV,9441
RPCUSBarrel/HV/RPC_W00_S07_RB2out_HV,9496
RPCUSBarrel/HV/RPC_W00_S07_RB3minus_HV,9448
RPCUSBarrel/HV/RPC_W00_S07_RB3plus_HV,9371
RPCUSBarrel/HV/RPC_W00_S07_RB4minus_HV,9421
RPCUSBarrel/HV/RPC_W00_S07_RB4plus_HV,9341
RPCUSBarrel/HV/RPC_W00_S08_RB1in_HV,9286
RPCUSBarrel/HV/RPC_W00_S08_RB1out_HV,9339
RPCUSBarrel/HV/RPC_W00_S08_RB2in_HV,9346
RPCUSBarrel/HV/RPC_W00_S08_RB2out_HV,9260
RPCUSBarrel/HV/RPC_W00_S08_RB3minus_HV,9549
RPCUSBarrel/HV/RPC_W00_S08_RB3plus_HV,9266
RPCUSBarrel/HV/RPC_W00_S08_RB4minus_HV,9478
RPCUSBarrel/HV/RPC_W00_S08_RB4plus_HV,9506
RPCUSBarrel/HV/RPC_W00_S09_RB1in_HV,9350
RPCUSBarrel/HV/RPC_W00_S09_RB1out_HV,9387
RPCUSBarrel/HV/RPC_W00_S09_RB2in_HV,9377
RPCUSBarrel/HV/RPC_W00_S09_RB2out_HV,9359
RPCUSBarrel/HV/RPC_W00_S09_RB3minus_HV,9387
RPCUSBarrel/HV/RPC_W00_S09_RB3plus_HV,9415
RPCUSBarrel/HV/RPC_W00_S09_RB4_HV,9445
RPCUSBarrel/HV/RPC_W00_S10_RB1in_HV,9360
RPCUSBarrel/HV/RPC_W00_S10_RB1out_HV,9398
RPCUSBarrel/HV/RPC_W00_S10_RB2in_HV,9366
RPCUSBarrel/HV/RPC_W00_S10_RB2out_HV,9368
RPCUSBarrel/HV/RPC_W00_S10_RB3minus_HV,9551
RPCUSBarrel/HV/RPC_W00_S10_RB3plus_HV,9409
RPCUSBarrel/HV/RPC_W00_S10_RB4minus_HV,9417
RPCUSBarrel/HV/RPC_W00_S10_RB4plus_HV,9443
RPCUSBarrel/HV/RPC_W00_S11_RB1in_HV,9375
RPCUSBarrel/HV/RPC_W00_S11_RB1out_HV,9441
RPCUSBarrel/HV/RPC_W00_S11_RB2in_HV,9340
RPCUSBarrel/HV/RPC_W00_S11_RB2out_HV,9374
RPCUSBarrel/HV/RPC_W00_S11_RB3minus_HV,9413
RPCUSBarrel/HV/RPC_W00_S11_RB3plus_HV,9391
RPCUSBarrel/HV/RPC_W00_S11_RB4_HV,9473
RPCUSBarrel/HV/RPC_W00_S12_RB1in_HV,9358
RPCUSBarrel/HV/RPC_W00_S12_RB1out_HV,9256
RPCUSBarrel/HV/RPC_W00_S12_RB2in_HV,9334
RPCUSBarrel/HV/RPC_W00_S12_RB2out_HV,9453
RPCUSBarrel/HV/RPC_W00_S12_RB3minus_HV,9405
RPCUSBarrel/HV/RPC_W00_S12_RB3plus_HV,9334
RPCUSBarrel/HV/RPC_W00_S12_RB4minus_HV,9463
RPCUSBarrel/HV/RPC_W00_S12_RB4plus_HV,9424
RPCUSBarrel/HV/RPC_WM1_S01_RB1in_HV,9374
RPCUSBarrel/HV/RPC_WM1_S01_RB1out_HV,9402
RPCUSBarrel/HV/RPC_WM1_S01_RB2in_HV,9434
RPCUSBarrel/HV/RPC_WM1_S01_RB2out_HV,9374
RPCUSBarrel/HV/RPC_WM1_S01_RB3minus_HV,9360
RPCUSBarrel/HV/RPC_WM1_S01_RB3plus_HV,9336
RPCUSBarrel/HV/RPC_WM1_S01_RB4minus_HV,9364
RPCUSBarrel/HV/RPC_WM1_S01_RB4plus_HV,9471
RPCUSBarrel/HV/RPC_WM1_S02_RB1in_HV,9216
RPCUSBarrel/HV/RPC_WM1_S02_RB1out_HV,9367
RPCUSBarrel/HV/RPC_WM1_S02_RB2in_HV,9375
RPCUSBarrel/HV/RPC_WM1_S02_RB2out_HV,9358
RPCUSBarrel/HV/RPC_WM1_S02_RB3minus_HV,9412
RPCUSBarrel/HV/RPC_WM1_S02_RB3plus_HV,9348
RPCUSBarrel/HV/RPC_WM1_S02_RB4minus_HV,9535
RPCUSBarrel/HV/RPC_WM1_S02_RB4plus_HV,9425
RPCUSBarrel/HV/RPC_WM1_S03_RB1in_HV,9296
RPCUSBarrel/HV/RPC_WM1_S03_RB1out_HV,9331
RPCUSBarrel/HV/RPC_WM1_S03_RB2in_HV,9291
RPCUSBarrel/HV/RPC_WM1_S03_RB2out_HV,9291
RPCUSBarrel/HV/RPC_WM1_S03_RB3minus_HV,9267
RPCUSBarrel/HV/RPC_WM1_S03_RB3plus_HV,9280
RPCUSBarrel/HV/RPC_WM1_S03_RB4minus_HV,9345
RPCUSBarrel/HV/RPC_WM1_S03_RB4plus_HV,9364
RPCUSBarrel/HV/RPC_WM1_S04_RB1in_HV,9331
RPCUSBarrel/HV/RPC_WM1_S04_RB1out_HV,9440
RPCUSBarrel/HV/RPC_WM1_S04_RB2in_HV,9380
RPCUSBarrel/HV/RPC_WM1_S04_RB2out_HV,9483
RPCUSBarrel/HV/RPC_WM1_S04_RB3minus_HV,9236
RPCUSBarrel/HV/RPC_WM1_S04_RB3plus_HV,9244
RPCUSBarrel/HV/RPC_WM1_S04_RB4minusminus_HV,9297
RPCUSBarrel/HV/RPC_WM1_S04_RB4minus_HV,9286
RPCUSBarrel/HV/RPC_WM1_S04_RB4plus_HV,9278
RPCUSBarrel/HV/RPC_WM1_S04_RB4plusplus_HV,9298
RPCUSBarrel/HV/RPC_WM1_S05_RB1in_HV,9266
RPCUSBarrel/HV/RPC_WM1_S05_RB1out_HV,9305
RPCUSBarrel/HV/RPC_WM1_S05_RB2in_HV,9311
RPCUSBarrel/HV/RPC_WM1_S05_RB2out_HV,9279
RPCUSBarrel/HV/RPC_WM1_S05_RB3minus_HV,9440
RPCUSBarrel/HV/RPC_WM1_S05_RB3plus_HV,9418
RPCUSBarrel/HV/RPC_WM1_S05_RB4minus_HV,9385
RPCUSBarrel/HV/RPC_WM1_S05_RB4plus_HV,9382
RPCUSBarrel/HV/RPC_WM1_S06_RB1in_HV,9337
RPCUSBarrel/HV/RPC_WM1_S06_RB1out_HV,9368
RPCUSBarrel/HV/RPC_WM1_S06_RB2in_HV,9370
RPCUSBarrel/HV/RPC_WM1_S06_RB2out_HV,9318
RPCUSBarrel/HV/RPC_WM1_S06_RB3minus_HV,9342
RPCUSBarrel/HV/RPC_WM1_S06_RB3plus_HV,9297
RPCUSBarrel/HV/RPC_WM1_S06_RB4minus_HV,9404
RPCUSBarrel/HV/RPC_WM1_S06_RB4plus_HV,9439
RPCUSBarrel/HV/RPC_WM1_S07_RB1in_HV,9252
RPCUSBarrel/HV/RPC_WM1_S07_RB1out_HV,9264
RPCUSBarrel/HV/RPC_WM1_S07_RB2in_HV,9243
RPCUSBarrel/HV/RPC_WM1_S07_RB2out_HV,9199
RPCUSBarrel/HV/RPC_WM1_S07_RB3minus_HV,9258
RPCUSBarrel/HV/RPC_WM1_S07_RB3plus_HV,9285
RPCUSBarrel/HV/RPC_WM1_S07_RB4minus_HV,9229
RPCUSBarrel/HV/RPC_WM1_S07_RB4plus_HV,9257
RPCUSBarrel/HV/RPC_WM1_S08_RB1in_HV,9321
RPCUSBarrel/HV/RPC_WM1_S08_RB1out_HV,9364
RPCUSBarrel/HV/RPC_WM1_S08_RB2in_HV,9312
RPCUSBarrel/HV/RPC_WM1_S08_RB2out_HV,9298
RPCUSBarrel/HV/RPC_WM1_S08_RB3minus_HV,9370
RPCUSBarrel/HV/RPC_WM1_S08_RB3plus_HV,9414
RPCUSBarrel/HV/RPC_WM1_S08_RB4minus_HV,9432
RPCUSBarrel/HV/RPC_WM1_S08_RB4plus_HV,9339
RPCUSBarrel/HV/RPC_WM1_S09_RB1in_HV,9324
RPCUSBarrel/HV/RPC_WM1_S09_RB1out_HV,9334
RPCUSBarrel/HV/RPC_WM1_S09_RB2in_HV,9313
RPCUSBarrel/HV/RPC_WM1_S09_RB2out_HV,9269
RPCUSBarrel/HV/RPC_WM1_S09_RB3minus_HV,9327
RPCUSBarrel/HV/RPC_WM1_S09_RB3plus_HV,9333
RPCUSBarrel/HV/RPC_WM1_S09_RB4_HV,9526
RPCUSBarrel/HV/RPC_WM1_S10_RB1in_HV,9393
RPCUSBarrel/HV/RPC_WM1_S10_RB1out_HV,9400
RPCUSBarrel/HV/RPC_WM1_S10_RB2in_HV,9227
RPCUSBarrel/HV/RPC_WM1_S10_RB2out_HV,9470
RPCUSBarrel/HV/RPC_WM1_S10_RB3minus_HV,9321
RPCUSBarrel/HV/RPC_WM1_S10_RB3plus_HV,9285
RPCUSBarrel/HV/RPC_WM1_S10_RB4minus_HV,9495
RPCUSBarrel/HV/RPC_WM1_S10_RB4plus_HV,9452
RPCUSBarrel/HV/RPC_WM1_S11_RB1in_HV,9276
RPCUSBarrel/HV/RPC_WM1_S11_RB1out_HV,9347
RPCUSBarrel/HV/RPC_WM1_S11_RB2in_HV,9353
RPCUSBarrel/HV/RPC_WM1_S11_RB2out_HV,9321
RPCUSBarrel/HV/RPC_WM1_S11_RB3minus_HV,9392
RPCUSBarrel/HV/RPC_WM1_S11_RB3plus_HV,9302
RPCUSBarrel/HV/RPC_WM1_S11_RB4_HV,9473
RPCUSBarrel/HV/RPC_WM1_S12_RB1in_HV,9500
RPCUSBarrel/HV/RPC_WM1_S12_RB1out_HV,9329
RPCUSBarrel/HV/RPC_WM1_S12_RB2in_HV,9349
RPCUSBarrel/HV/RPC_WM1_S12_RB2out_HV,9433
RPCUSBarrel/HV/RPC_WM1_S12_RB3minus_HV,9345
RPCUSBarrel/HV/RPC_WM1_S12_RB3plus_HV,9300
RPCUSBarrel/HV/RPC_WM1_S12_RB4minus_HV,9366
RPCUSBarrel/HV/RPC_WM1_S12_RB4plus_HV,9491
RPCUSBarrel/HV/RPC_WM2_S01_RB1in_HV,9297
RPCUSBarrel/HV/RPC_WM2_S01_RB1out_HV,9180
RPCUSBarrel/HV/RPC_WM2_S01_RB2in_HV,9196
RPCUSBarrel/HV/RPC_WM2_S01_RB2out_HV,9252
RPCUSBarrel/HV/RPC_WM2_S01_RB3minus_HV,9175
RPCUSBarrel/HV/RPC_WM2_S01_RB3plus_HV,9242
RPCUSBarrel/HV/RPC_WM2_S01_RB4minus_HV,9414
RPCUSBarrel/HV/RPC_WM2_S01_RB4plus_HV,9290
RPCUSBarrel/HV/RPC_WM2_S02_RB1in_HV,9255
RPCUSBarrel/HV/RPC_WM2_S02_RB1out_HV,9311
RPCUSBarrel/HV/RPC_WM2_S02_RB2in_HV,9278
RPCUSBarrel/HV/RPC_WM2_S02_RB2out_HV,9392
RPCUSBarrel/HV/RPC_WM2_S02_RB3minus_HV,9403
RPCUSBarrel/HV/RPC_WM2_S02_RB3plus_HV,9308
RPCUSBarrel/HV/RPC_WM2_S02_RB4minus_HV,9168
RPCUSBarrel/HV/RPC_WM2_S02_RB4plus_HV,9440
RPCUSBarrel/HV/RPC_WM2_S03_RB1in_HV,9286
RPCUSBarrel/HV/RPC_WM2_S03_RB1out_HV,9252
RPCUSBarrel/HV/RPC_WM2_S03_RB2in_HV,9214
RPCUSBarrel/HV/RPC_WM2_S03_RB2out_HV,9296
RPCUSBarrel/HV/RPC_WM2_S03_RB3minus_HV,9243
RPCUSBarrel/HV/RPC_WM2_S03_RB3plus_HV,9252
RPCUSBarrel/HV/RPC_WM2_S03_RB4minus_HV,9458
RPCUSBarrel/HV/RPC_WM2_S03_RB4plus_HV,9369
RPCUSBarrel/HV/RPC_WM2_S04_RB1in_HV,9241
RPCUSBarrel/HV/RPC_WM2_S04_RB1out_HV,9264
RPCUSBarrel/HV/RPC_WM2_S04_RB2in_HV,9248
RPCUSBarrel/HV/RPC_WM2_S04_RB2out_HV,9397
RPCUSBarrel/HV/RPC_WM2_S04_RB3minus_HV,9248
RPCUSBarrel/HV/RPC_WM2_S04_RB3plus_HV,9270
RPCUSBarrel/HV/RPC_WM2_S04_RB4minusminus_HV,9351
RPCUSBarrel/HV/RPC_WM2_S04_RB4minus_HV,9171
RPCUSBarrel/HV/RPC_WM2_S04_RB4plus_HV,9318
RPCUSBarrel/HV/RPC_WM2_S04_RB4plusplus_HV,9242
RPCUSBarrel/HV/RPC_WM2_S05_RB1in_HV,9347
RPCUSBarrel/HV/RPC_WM2_S05_RB1out_HV,9232
RPCUSBarrel/HV/RPC_WM2_S05_RB2in_HV,9236
RPCUSBarrel/HV/RPC_WM2_S05_RB2out_HV,9261
RPCUSBarrel/HV/RPC_WM2_S05_RB3minus_HV,9333
RPCUSBarrel/HV/RPC_WM2_S05_RB3plus_HV,9293
RPCUSBarrel/HV/RPC_WM2_S05_RB4minus_HV,9368
RPCUSBarrel/HV/RPC_WM2_S05_RB4plus_HV,9412
RPCUSBarrel/HV/RPC_WM2_S06_RB1in_HV,9262
RPCUSBarrel/HV/RPC_WM2_S06_RB1out_HV,9283
RPCUSBarrel/HV/RPC_WM2_S06_RB2in_HV,9295
RPCUSBarrel/HV/RPC_WM2_S06_RB2out_HV,9330
RPCUSBarrel/HV/RPC_WM2_S06_RB3minus_HV,9299
RPCUSBarrel/HV/RPC_WM2_S06_RB3plus_HV,9299
RPCUSBarrel/HV/RPC_WM2_S06_RB4minus_HV,9500
RPCUSBarrel/HV/RPC_WM2_S06_RB4plus_HV,9296
RPCUSBarrel/HV/RPC_WM2_S07_RB1in_HV,9212
RPCUSBarrel/HV/RPC_WM2_S07_RB1out_HV,9201
RPCUSBarrel/HV/RPC_WM2_S07_RB2in_HV,9286
RPCUSBarrel/HV/RPC_WM2_S07_RB2out_HV,9320
RPCUSBarrel/HV/RPC_WM2_S07_RB3minus_HV,9378
RPCUSBarrel/HV/RPC_WM2_S07_RB3plus_HV,9472
RPCUSBarrel/HV/RPC_WM2_S07_RB4minus_HV,9340
RPCUSBarrel/HV/RPC_WM2_S07_RB4plus_HV,9270
RPCUSBarrel/HV/RPC_WM2_S08_RB1in_HV,9207
RPCUSBarrel/HV/RPC_WM2_S08_RB1out_HV,9225
RPCUSBarrel/HV/RPC_WM2_S08_RB2in_HV,9360
RPCUSBarrel/HV/RPC_WM2_S08_RB2out_HV,9324
RPCUSBarrel/HV/RPC_WM2_S08_RB3minus_HV,9271
RPCUSBarrel/HV/RPC_WM2_S08_RB3plus_HV,9283
RPCUSBarrel/HV/RPC_WM2_S08_RB4minus_HV,9435
RPCUSBarrel/HV/RPC_WM2_S08_RB4plus_HV,9397
RPCUSBarrel/HV/RPC_WM2_S09_RB1in_HV,9231
RPCUSBarrel/HV/RPC_WM2_S09_RB1out_HV,9240
RPCUSBarrel/HV/RPC_WM2_S09_RB2in_HV,9249
RPCUSBarrel/HV/RPC_WM2_S09_RB2out_HV,9277
RPCUSBarrel/HV/RPC_WM2_S09_RB3minus_HV,9159
RPCUSBarrel/HV/RPC_WM2_S09_RB3plus_HV,9318
RPCUSBarrel/HV/RPC_WM2_S09_RB4_HV,9468
RPCUSBarrel/HV/RPC_WM2_S10_RB1in_HV,9260
RPCUSBarrel/HV/RPC_WM2_S10_RB1out_HV,9370
RPCUSBarrel/HV/RPC_WM2_S10_RB2in_HV,9171
RPCUSBarrel/HV/RPC_WM2_S10_RB2out_HV,9420
RPCUSBarrel/HV/RPC_WM2_S10_RB3minus_HV,9273
RPCUSBarrel/HV/RPC_WM2_S10_RB3plus_HV,9309
RPCUSBarrel/HV/RPC_WM2_S10_RB4minus_HV,9506
RPCUSBarrel/HV/RPC_WM2_S10_RB4plus_HV,9517
RPCUSBarrel/HV/RPC_WM2_S11_RB1in_HV,9193
RPCUSBarrel/HV/RPC_WM2_S11_RB1out_HV,9258
RPCUSBarrel/HV/RPC_WM2_S11_RB2in_HV,9307
RPCUSBarrel/HV/RPC_WM2_S11_RB2out_HV,9272
RPCUSBarrel/HV/RPC_WM2_S11_RB3minus_HV,9337
RPCUSBarrel/HV/RPC_WM2_S11_RB3plus_HV,9340
RPCUSBarrel/HV/RPC_WM2_S11_RB4_HV,9419
RPCUSBarrel/HV/RPC_WM2_S12_RB1in_HV,9320
RPCUSBarrel/HV/RPC_WM2_S12_RB1out_HV,9440
RPCUSBarrel/HV/RPC_WM2_S12_RB2in_HV,9334
RPCUSBarrel/HV/RPC_WM2_S12_RB2out_HV,9415
RPCUSBarrel/HV/RPC_WM2_S12_RB3minus_HV,9290
RPCUSBarrel/HV/RPC_WM2_S12_RB3plus_HV,9272
RPCUSBarrel/HV/RPC_WM2_S12_RB4minus_HV,9359
RPCUSBarrel/HV/RPC_WM2_S12_RB4plus_HV,9314
RPCUSEndcap/HV/RPC_EP1_R1_C01_TOP_HV,9400
RPCUSEndcap/HV/RPC_EP1_R1_C01_BOT_HV,9400
RPCUSEndcap/HV/RPC_EP1_R1_C02_TOP_HV,9400
RPCUSEndcap/HV/RPC_EP1_R1_C02_BOT_HV,9400
RPCUSEndcap/HV/RPC_EP1_R1_C03_TOP_HV,9400
RPCUSEndcap/HV/RPC_EP1_R1_C03_BOT_HV,9400
RPCUSEndcap/HV/RPC_EP1_R3_C33_HV,9863
RPCUSEndcap/HV/RPC_EP1_R3_C29_EP2_R3_C02_HV,9679
RPCUSEndcap/HV/RPC_EP1_R2_C29_EP1_R3_C31_HV,9616
RPCUSEndcap/HV/RPC_EP1_R3_C35_EP2_R3_C03_HV,9707
RPCUSEndcap/HV/RPC_EP1_R3_C06_EP2_R3_C07_HV,9573
RPCUSEndcap/HV/RPC_EP1_R2_C36_EP1_R3_C09_HV,9610
RPCUSEndcap/HV/RPC_EP1_R2_C33_EP1_R3_C34_HV,9603
RPCUSEndcap/HV/RPC_EP1_R2_C02_EP2_R2_C02_HV,9520
RPCUSEndcap/HV/RPC_EP1_R2_C07_EP1_R2_C10_HV,9449
RPCUSEndcap/HV/RPC_EP1_R3_C03_EP1_R3_C36_HV,9612
RPCUSEndcap/HV/RPC_EP1_R2_C06_EP2_R3_C04_HV,9523
RPCUSEndcap/HV/RPC_EP2_R2_C03_EP2_R3_C05_HV,9779
RPCUSEndcap/HV/RPC_EP2_R2_C06_EP2_R2_C08_HV,9605
RPCUSEndcap/HV/RPC_EP2_R2_C07_EP2_R3_C06_HV,9548
RPCUSEndcap/HV/RPC_EP1_R2_C30_EP1_R3_C10_HV,9555
RPCUSEndcap/HV/RPC_EP1_R2_C34_EP1_R3_C02_HV,9598
RPCUSEndcap/HV/RPC_EP1_R3_C07_EP2_R2_C05_HV,9516
RPCUSEndcap/HV/RPC_EP1_R3_C32_EP2_R3_C01_HV,9651
RPCUSEndcap/HV/RPC_EP1_R2_C09_EP1_R2_C32_HV,9482
RPCUSEndcap/HV/RPC_EP1_R2_C31_EP2_R3_C08_HV,9561
RPCUSEndcap/HV/RPC_EP1_R3_C30_EP2_R2_C01_HV,9738
RPCUSEndcap/HV/RPC_EP1_R2_C35_EP2_R3_C09_HV,9629
RPCUSEndcap/HV/RPC_EP1_R3_C05_EP2_R2_C09_HV,9544
RPCUSEndcap/HV/RPC_EP1_R2_C08_EP1_R3_C08_HV,9488
RPCUSEndcap/HV/RPC_EP1_R2_C04_EP2_R2_C04_HV,9498
RPCUSEndcap/HV/RPC_EP1_R2_C01_EP1_R2_C03_HV,9465
RPCUSEndcap/HV/RPC_EP1_R2_C05_EP1_R3_C01_HV,9556
RPCUSEndcap/HV/RPC_EP3_R3_C30_HV,9896
RPCUSEndcap/HV/RPC_EP2_R2_C31_EP2_R2_C32_HV,9559
RPCUSEndcap/HV/RPC_EP2_R2_C10_EP2_R2_C29_HV,9514
RPCUSEndcap/HV/RPC_EP2_R2_C33_EP2_R2_C35_HV,9577
RPCUSEndcap/HV/RPC_EP2_R2_C30_EP2_R3_C10_HV,9534
RPCUSEndcap/HV/RPC_EP2_R3_C36_EP3_R3_C08_HV,9617
RPCUSEndcap/HV/RPC_EP2_R2_C34_EP2_R3_C34_HV,9549
RPCUSEndcap/HV/RPC_EP2_R3_C32_EP3_R2_C07_HV,9757
RPCUSEndcap/HV/RPC_EP2_R3_C35_EP3_R2_C33_HV,9604
RPCUSEndcap/HV/RPC_EP2_R3_C30_EP3_R2_C10_HV,9546
RPCUSEndcap/HV/RPC_EP3_R2_C03_EP3_R3_C32_HV,9627
RPCUSEndcap/HV/RPC_EP2_R3_C29_EP3_R3_C10_HV,9597
RPCUSEndcap/HV/RPC_EP2_R2_C36_EP3_R2_C35_HV,9642
RPCUSEndcap/HV/RPC_EP2_R3_C31_EP3_R3_C04_HV,9601
RPCUSEndcap/HV/RPC_EP3_R2_C09_EP3_R2_C31_HV,9715
RPCUSEndcap/HV/RPC_EP3_R2_C06_EP3_R3_C07_HV,9670
RPCUSEndcap/HV/RPC_EP3_R2_C01_EP3_R2_C08_HV,9795
RPCUSEndcap/HV/RPC_EP3_R2_C02_EP3_R3_C03_HV,9695
RPCUSEndcap/HV/RPC_EP3_R2_C04_EP3_R2_C32_HV,9777
RPCUSEndcap/HV/RPC_EP3_R2_C05_EP3_R3_C01_HV,9657
RPCUSEndcap/HV/RPC_EP3_R2_C34_EP3_R3_C29_HV,9773
RPCUSEndcap/HV/RPC_EP3_R3_C06_EP3_R3_C09_HV,9562
RPCUSEndcap/HV/RPC_EP3_R3_C05_EP3_R3_C34_HV,9661
RPCUSEndcap/HV/RPC_EP3_R3_C02_EP3_R3_C31_HV,9606
RPCUSEndcap/HV/RPC_EP3_R3_C33_EP3_R3_C36_HV,9758
RPCUSEndcap/HV/RPC_EP3_R2_C29_EP3_R3_C35_HV,9622
RPCUSEndcap/HV/RPC_EP3_R2_C30_EP3_R2_C36_HV,9847
RPCUSEndcap/HV/RPC_EP4_R2_R3_C01_HV,9569
RPCUSEndcap/HV/RPC_EP4_R2_R3_C02_HV,9567
RPCUSEndcap/HV/RPC_EP4_R2_R3_C03_HV,9465
RPCUSEndcap/HV/RPC_EP4_R2_R3_C04_HV,9509
RPCUSEndcap/HV/RPC_EP4_R2_R3_C05_HV,9478
RPCUSEndcap/HV/RPC_EP4_R2_R3_C06_HV,9365
RPCUSEndcap/HV/RPC_EP4_R2_R3_C07_HV,9460
RPCUSEndcap/HV/RPC_EP4_R2_R3_C08_HV,9497
RPCUSEndcap/HV/RPC_EP4_R2_R3_C09_HV,9476
RPCUSEndcap/HV/RPC_EP4_R2_R3_C10_HV,9400
RPCUSEndcap/HV/RPC_EP4_R2_R3_C29_HV,9416
RPCUSEndcap/HV/RPC_EP4_R2_R3_C30_HV,9400
RPCUSEndcap/HV/RPC_EP4_R2_R3_C31_HV,9500
RPCUSEndcap/HV/RPC_EP4_R2_R3_C32_HV,9461
RPCUSEndcap/HV/RPC_EP4_R2_R3_C33_HV,9339
RPCUSEndcap/HV/RPC_EP4_R2_R3_C34_HV,9426
RPCUSEndcap/HV/RPC_EP4_R2_R3_C35_HV,9539
RPCUSEndcap/HV/RPC_EP4_R2_R3_C36_HV,9520
RPCUSEndcap/HV/RPC_EP1_R1_C04_TOP_HV,9400
RPCUSEndcap/HV/RPC_EP1_R1_C04_BOT_HV,9400
RPCUSEndcap/HV/RPC_EP1_R3_C04_HV,9600
RPCUSEndcap/HV/RPC_EP2_R3_C33_HV,9700
RPCUSEndcap/HV/RPC_EP1_R2_C21_EP2_R3_C15_HV,9556
RPCUSEndcap/HV/RPC_EP1_R2_C23_EP2_R3_C16_HV,9587
RPCUSEndcap/HV/RPC_EP1_R2_C17_EP1_R3_C18_HV,9513
RPCUSEndcap/HV/RPC_EP1_R2_C12_EP1_R3_C11_HV,9448
RPCUSEndcap/HV/RPC_EP1_R3_C21_EP1_R3_C26_HV,9620
RPCUSEndcap/HV/RPC_EP1_R3_C22_EP1_R3_C23_HV,9675
RPCUSEndcap/HV/RPC_EP1_R2_C22_EP1_R2_C26_HV,9551
RPCUSEndcap/HV/RPC_EP1_R2_C11_EP1_R2_C15_HV,9500
RPCUSEndcap/HV/RPC_EP1_R2_C28_EP1_R3_C14_HV,9500
RPCUSEndcap/HV/RPC_EP1_R3_C27_EP2_R3_C19_HV,9713
RPCUSEndcap/HV/RPC_EP1_R3_C16_EP2_R3_C14_HV,9590
RPCUSEndcap/HV/RPC_EP2_R2_C18_EP2_R3_C11_HV,9753
RPCUSEndcap/HV/RPC_EP1_R2_C20_EP2_R3_C13_HV,9558
RPCUSEndcap/HV/RPC_EP1_R2_C18_EP2_R2_C19_HV,9544
RPCUSEndcap/HV/RPC_EP1_R2_C25_EP2_R2_C16_HV,9562
RPCUSEndcap/HV/RPC_EP1_R3_C19_EP1_R3_C25_HV,9853
RPCUSEndcap/HV/RPC_EP1_R3_C20_EP1_R3_C24_HV,9627
RPCUSEndcap/HV/RPC_EP1_R3_C13_EP1_R3_C17_HV,9489
RPCUSEndcap/HV/RPC_EP1_R2_C27_EP2_R2_C13_HV,9532
RPCUSEndcap/HV/RPC_EP2_R3_C17_EP2_R3_C18_HV,9645
RPCUSEndcap/HV/RPC_EP1_R2_C16_EP2_R3_C12_HV,9515
RPCUSEndcap/HV/RPC_EP1_R2_C19_EP2_R2_C17_HV,9463
RPCUSEndcap/HV/RPC_EP2_R2_C11_EP2_R2_C12_HV,9522
RPCUSEndcap/HV/RPC_EP1_R2_C24_EP2_R2_C14_HV,9571
RPCUSEndcap/HV/RPC_EP1_R2_C14_EP1_R3_C12_HV,9443
RPCUSEndcap/HV/RPC_EP1_R2_C13_EP2_R2_C15_HV,9390
RPCUSEndcap/HV/RPC_EP1_R3_C15_EP1_R3_C28_HV,9608
RPCUSEndcap/HV/RPC_EP2_R2_C22_EP3_R3_C24_HV,9865
RPCUSEndcap/HV/RPC_EP3_R2_C18_EP3_R3_C25_HV,9800
RPCUSEndcap/HV/RPC_EP3_R2_C14_EP3_R2_C24_HV,9779
RPCUSEndcap/HV/RPC_EP3_R2_C11_EP3_R2_C16_HV,9766
RPCUSEndcap/HV/RPC_EP3_R2_C23_EP3_R3_C28_HV,9760
RPCUSEndcap/HV/RPC_EP3_R2_C20_EP3_R2_C25_HV,9758
RPCUSEndcap/HV/RPC_EP3_R2_C22_EP3_R3_C23_HV,9754
RPCUSEndcap/HV/RPC_EP3_R2_C19_EP3_R3_C19_HV,9731
RPCUSEndcap/HV/RPC_EP2_R3_C23_EP3_R2_C26_HV,9721
RPCUSEndcap/HV/RPC_EP2_R3_C27_EP3_R3_C27_HV,9714
RPCUSEndcap/HV/RPC_EP3_R3_C18_EP3_R3_C20_HV,9707
RPCUSEndcap/HV/RPC_EP2_R2_C27_EP3_R2_C17_HV,9687
RPCUSEndcap/HV/RPC_EP3_R2_C27_EP3_R3_C17_HV,9678
RPCUSEndcap/HV/RPC_EP3_R2_C28_EP3_R3_C26_HV,9658
RPCUSEndcap/HV/RPC_EP3_R3_C16_EP3_R3_C22_HV,9655
RPCUSEndcap/HV/RPC_EP2_R3_C28_EP3_R2_C13_HV,9647
RPCUSEndcap/HV/RPC_EP2_R2_C20_EP2_R2_C26_HV,9640
RPCUSEndcap/HV/RPC_EP3_R2_C15_EP3_R3_C15_HV,9415
RPCUSEndcap/HV/RPC_EP2_R3_C21_EP3_R2_C21_HV,9628
RPCUSEndcap/HV/RPC_EP2_R3_C26_EP3_R3_C21_HV,9621
RPCUSEndcap/HV/RPC_EP2_R3_C22_EP3_R2_C12_HV,9618
RPCUSEndcap/HV/RPC_EP3_R3_C11_EP3_R3_C14_HV,9612
RPCUSEndcap/HV/RPC_EP2_R2_C28_EP2_R3_C20_HV,9607
RPCUSEndcap/HV/RPC_EP2_R2_C24_EP2_R3_C25_HV,9594
RPCUSEndcap/HV/RPC_EP2_R3_C24_EP3_R3_C12_HV,9580
RPCUSEndcap/HV/RPC_EP2_R2_C23_EP3_R3_C13_HV,9568
RPCUSEndcap/HV/RPC_EP2_R2_C21_EP2_R2_C25_HV,9543
RPCUSEndcap/HV/RPC_EP4_R2_R3_C11_HV,9447
RPCUSEndcap/HV/RPC_EP4_R2_R3_C12_HV,9434
RPCUSEndcap/HV/RPC_EP4_R2_R3_C13_HV,9496
RPCUSEndcap/HV/RPC_EP4_R2_R3_C14_HV,9477
RPCUSEndcap/HV/RPC_EP4_R2_R3_C15_HV,9491
RPCUSEndcap/HV/RPC_EP4_R2_R3_C16_HV,9473
RPCUSEndcap/HV/RPC_EP4_R2_R3_C17_HV,9521
RPCUSEndcap/HV/RPC_EP4_R2_R3_C18_HV,9456
RPCUSEndcap/HV/RPC_EP4_R2_R3_C19_HV,9587
RPCUSEndcap/HV/RPC_EP4_R2_R3_C20_HV,9552
RPCUSEndcap/HV/RPC_EP4_R2_R3_C21_HV,9602
RPCUSEndcap/HV/RPC_EP4_R2_R3_C22_HV,9671
RPCUSEndcap/HV/RPC_EP4_R2_R3_C23_HV,9403
RPCUSEndcap/HV/RPC_EP4_R2_R3_C24_HV,9451
RPCUSEndcap/HV/RPC_EP4_R2_R3_C25_HV,9509
RPCUSEndcap/HV/RPC_EP4_R2_R3_C26_HV,9444
RPCUSEndcap/HV/RPC_EP4_R2_R3_C27_HV,9471
RPCUSEndcap/HV/RPC_EP4_R2_R3_C28_HV,9499
RPCUSEndcap/HV/RPC_EN1_R3_C31_HV,9850
RPCUSEndcap/HV/RPC_EN2_R3_C04_HV,9700
RPCUSEndcap/HV/RPC_EN1_R2_C01_EN2_R2_C04_HV,9575
RPCUSEndcap/HV/RPC_EN1_R2_C36_EN1_R3_C06_HV,9563
RPCUSEndcap/HV/RPC_EN1_R3_C03_EN1_R3_C05_HV,9583
RPCUSEndcap/HV/RPC_EN1_R2_C32_EN1_R2_C35_HV,9494
RPCUSEndcap/HV/RPC_EN1_R2_C05_EN1_R2_C08_HV,9406
RPCUSEndcap/HV/RPC_EN1_R2_C07_EN1_R2_C09_HV,9475
RPCUSEndcap/HV/RPC_EN1_R2_C04_EN1_R2_C30_HV,9608
RPCUSEndcap/HV/RPC_EN1_R2_C29_EN2_R2_C08_HV,9710
RPCUSEndcap/HV/RPC_EN1_R3_C02_EN2_R2_C03_HV,9550
RPCUSEndcap/HV/RPC_EN1_R2_C06_EN2_R2_C01_HV,9479
RPCUSEndcap/HV/RPC_EN2_R3_C01_EN2_R3_C02_HV,9651
RPCUSEndcap/HV/RPC_EN1_R2_C03_EN2_R2_C02_HV,9553
RPCUSEndcap/HV/RPC_EN1_R2_C31_EN2_R2_C07_HV,9526
RPCUSEndcap/HV/RPC_EN1_R3_C08_EN2_R2_C06_HV,9510
RPCUSEndcap/HV/RPC_EN1_R2_C02_EN1_R3_C01_HV,9579
RPCUSEndcap/HV/RPC_EN1_R2_C33_EN2_R3_C07_HV,9551
RPCUSEndcap/HV/RPC_EN1_R3_C33_EN2_R3_C06_HV,9682
RPCUSEndcap/HV/RPC_EN2_R2_C05_EN2_R2_C09_HV,9569
RPCUSEndcap/HV/RPC_EN2_R3_C05_EN2_R3_C09_HV,9648
RPCUSEndcap/HV/RPC_EN1_R3_C07_EN1_R3_C09_HV,9541
RPCUSEndcap/HV/RPC_EN1_R2_C10_EN1_R3_C34_HV,9758
RPCUSEndcap/HV/RPC_EN1_R2_C34_EN2_R3_C08_HV,9621
RPCUSEndcap/HV/RPC_EN1_R3_C29_EN1_R3_C35_HV,9676
RPCUSEndcap/HV/RPC_EN1_R3_C30_EN1_R3_C32_HV,9798
RPCUSEndcap/HV/RPC_EN1_R3_C36_EN2_R3_C03_HV,9657
RPCUSEndcap/HV/RPC_EN2_R2_C29_EN2_R2_C33_HV,9551
RPCUSEndcap/HV/RPC_EN2_R3_C29_EN2_R3_C35_HV,9890
RPCUSEndcap/HV/RPC_EN2_R2_C10_EN2_R2_C36_HV,9537
RPCUSEndcap/HV/RPC_EN2_R2_C30_EN2_R2_C34_HV,9514
RPCUSEndcap/HV/RPC_EN2_R3_C10_EN2_R3_C32_HV,9644
RPCUSEndcap/HV/RPC_EN2_R3_C31_EN2_R3_C34_HV,9652
RPCUSEndcap/HV/RPC_EN2_R3_C33_EN3_R3_C10_HV,9704
RPCUSEndcap/HV/RPC_EN2_R3_C30_EN3_R2_C35_HV,9669
RPCUSEndcap/HV/RPC_EN3_R2_C29_EN3_R3_C34_HV,9697
RPCUSEndcap/HV/RPC_EN1_R3_C04_EN1_R3_C10_HV,9650
RPCUSEndcap/HV/RPC_EN2_R2_C32_EN3_R2_C07_HV,9587
RPCUSEndcap/HV/RPC_EN2_R2_C31_EN3_R2_C01_HV,9564
RPCUSEndcap/HV/RPC_EN2_R2_C35_EN3_R3_C02_HV,9626
RPCUSEndcap/HV/RPC_EN3_R2_C31_EN3_R3_C35_HV,9813
RPCUSEndcap/HV/RPC_EN3_R3_C03_EN3_R3_C04_HV,9760
RPCUSEndcap/HV/RPC_EN2_R3_C36_EN3_R3_C32_HV,9794
RPCUSEndcap/HV/RPC_EN3_R3_C29_EN3_R3_C30_HV,9847
RPCUSEndcap/HV/RPC_EN3_R2_C10_EN3_R3_C01_HV,9713
RPCUSEndcap/HV/RPC_EN3_R2_C36_EN3_R3_C09_HV,9698
RPCUSEndcap/HV/RPC_EN3_R2_C03_EN3_R2_C33_HV,9641
RPCUSEndcap/HV/RPC_EN3_R2_C09_EN3_R3_C06_HV,9653
RPCUSEndcap/HV/RPC_EN3_R2_C04_EN3_R2_C08_HV,9751
RPCUSEndcap/HV/RPC_EN3_R2_C06_EN3_R2_C32_HV,9773
RPCUSEndcap/HV/RPC_EN3_R3_C07_EN3_R3_C36_HV,9781
RPCUSEndcap/HV/RPC_EN3_R2_C02_EN3_R2_C05_HV,9711
RPCUSEndcap/HV/RPC_EN3_R3_C05_EN3_R3_C08_HV,9742
RPCUSEndcap/HV/RPC_EN3_R2_C34_EN3_R3_C33_HV,9729
RPCUSEndcap/HV/RPC_EN3_R2_C30_EN3_R3_C31_HV,9815
RPCUSEndcap/HV/RPC_EN4_R2_R3_C01_HV,9451
RPCUSEndcap/HV/RPC_EN4_R2_R3_C02_HV,9473
RPCUSEndcap/HV/RPC_EN4_R2_R3_C03_HV,9503
RPCUSEndcap/HV/RPC_EN4_R2_R3_C04_HV,9519
RPCUSEndcap/HV/RPC_EN4_R2_R3_C05_HV,9531
RPCUSEndcap/HV/RPC_EN4_R2_R3_C06_HV,9439
RPCUSEndcap/HV/RPC_EN4_R2_R3_C07_HV,9363
RPCUSEndcap/HV/RPC_EN4_R2_R3_C08_HV,9452
RPCUSEndcap/HV/RPC_EN4_R2_R3_C09_HV,9373
RPCUSEndcap/HV/RPC_EN4_R2_R3_C10_HV,9387
RPCUSEndcap/HV/RPC_EN4_R2_R3_C29_HV,9500
RPCUSEndcap/HV/RPC_EN4_R2_R3_C30_HV,9453
RPCUSEndcap/HV/RPC_EN4_R2_R3_C31_HV,9518
RPCUSEndcap/HV/RPC_EN4_R2_R3_C32_HV,9551
RPCUSEndcap/HV/RPC_EN4_R2_R3_C33_HV,9340
RPCUSEndcap/HV/RPC_EN4_R2_R3_C34_HV,9410
RPCUSEndcap/HV/RPC_EN4_R2_R3_C35_HV,9520
RPCUSEndcap/HV/RPC_EN4_R2_R3_C36_HV,9475
RPCUSEndcap/HV/RPC_EN1_R2_C15_EN1_R2_C17_HV,9476
RPCUSEndcap/HV/RPC_EN1_R2_C11_EN1_R2_C13_HV,9425
RPCUSEndcap/HV/RPC_EN1_R2_C12_EN2_R2_C12_HV,9470
RPCUSEndcap/HV/RPC_EN1_R2_C14_EN1_R2_C22_HV,9537
RPCUSEndcap/HV/RPC_EN1_R3_C24_EN2_R3_C12_HV,9700
RPCUSEndcap/HV/RPC_EN1_R3_C21_EN2_R3_C19_HV,9628
RPCUSEndcap/HV/RPC_EN1_R2_C19_EN1_R2_C20_HV,9429
RPCUSEndcap/HV/RPC_EN1_R2_C25_EN2_R2_C13_HV,9551
RPCUSEndcap/HV/RPC_EN1_R3_C25_EN1_R3_C26_HV,9708
RPCUSEndcap/HV/RPC_EN1_R3_C16_HV,9863
RPCUSEndcap/HV/RPC_EN1_R3_C18_EN2_R3_C16_HV,9639
RPCUSEndcap/HV/RPC_EN1_R3_C15_EN1_R3_C27_HV,9661
RPCUSEndcap/HV/RPC_EN1_R3_C14_EN2_R3_C14_HV,9788
RPCUSEndcap/HV/RPC_EN2_R3_C15_EN2_R3_C18_HV,9732
RPCUSEndcap/HV/RPC_EN2_R2_C17_EN2_R3_C11_HV,9656
RPCUSEndcap/HV/RPC_EN2_R2_C16_EN2_R3_C17_HV,9620
RPCUSEndcap/HV/RPC_EN1_R2_C16_EN2_R2_C19_HV,9557
RPCUSEndcap/HV/RPC_EN2_R2_C14_EN2_R2_C18_HV,9570
RPCUSEndcap/HV/RPC_EN1_R2_C28_EN1_R3_C12_HV,9544
RPCUSEndcap/HV/RPC_EN1_R3_C11_HV,9600
RPCUSEndcap/HV/RPC_EN1_R3_C17_EN1_R3_C22_HV,9598
RPCUSEndcap/HV/RPC_EN1_R3_C19_EN2_R2_C15_HV,9588
RPCUSEndcap/HV/RPC_EN1_R2_C26_EN2_R3_C13_HV,9682
RPCUSEndcap/HV/RPC_EN1_R2_C21_EN1_R3_C13_HV,9488
RPCUSEndcap/HV/RPC_EN1_R2_C23_EN1_R2_C27_HV,9520
RPCUSEndcap/HV/RPC_EN1_R2_C24_EN1_R3_C20_HV,9668
RPCUSEndcap/HV/RPC_EN1_R3_C23_EN1_R3_C28_HV,9832
RPCUSEndcap/HV/RPC_EN3_R2_C17_HV,9600
RPCUSEndcap/HV/RPC_EN3_R3_C17_EN3_R3_C28_HV,9700
RPCUSEndcap/HV/RPC_EN2_R3_C21_EN2_R3_C27_HV,9708
RPCUSEndcap/HV/RPC_EN2_R3_C25_EN2_R3_C26_HV,9686
RPCUSEndcap/HV/RPC_EN2_R3_C22_EN3_R2_C12_HV,9734
RPCUSEndcap/HV/RPC_EN2_R3_C24_EN3_R3_C14_HV,9688
RPCUSEndcap/HV/RPC_EN2_R2_C21_EN2_R2_C22_HV,9553
RPCUSEndcap/HV/RPC_EN2_R2_C26_EN2_R2_C27_HV,9519
RPCUSEndcap/HV/RPC_EN2_R2_C23_EN2_R2_C24_HV,9588
RPCUSEndcap/HV/RPC_EN1_R2_C18_EN2_R2_C11_HV,9540
RPCUSEndcap/HV/RPC_EN2_R3_C23_EN3_R2_C13_HV,9727
RPCUSEndcap/HV/RPC_EN2_R2_C25_EN3_R2_C11_HV,9582
RPCUSEndcap/HV/RPC_EN3_R2_C16_EN3_R2_C18_HV,9777
RPCUSEndcap/HV/RPC_EN2_R2_C28_EN3_R2_C15_HV,9645
RPCUSEndcap/HV/RPC_EN3_R3_C16_EN3_R3_C18_HV,9737
RPCUSEndcap/HV/RPC_EN3_R2_C14_EN3_R2_C21_HV,9710
RPCUSEndcap/HV/RPC_EN3_R3_C11_EN3_R3_C19_HV,9666
RPCUSEndcap/HV/RPC_EN3_R2_C25_EN3_R3_C15_HV,9720
RPCUSEndcap/HV/RPC_EN2_R3_C28_EN3_R2_C27_HV,9697
RPCUSEndcap/HV/RPC_EN2_R2_C20_EN3_R2_C20_HV,9676
RPCUSEndcap/HV/RPC_EN3_R2_C26_EN3_R3_C12_HV,9722
RPCUSEndcap/HV/RPC_EN2_R3_C20_EN3_R3_C26_HV,9654
RPCUSEndcap/HV/RPC_EN3_R2_C23_EN3_R3_C25_HV,9837
RPCUSEndcap/HV/RPC_EN3_R2_C19_EN3_R3_C24_HV,9749
RPCUSEndcap/HV/RPC_EN3_R3_C13_EN3_R3_C21_HV,9795
RPCUSEndcap/HV/RPC_EN3_R2_C22_EN3_R2_C28_HV,9892
RPCUSEndcap/HV/RPC_EN3_R3_C20_EN3_R3_C23_HV,9827
RPCUSEndcap/HV/RPC_EN3_R2_C24_EN3_R3_C27_HV,9802
RPCUSEndcap/HV/RPC_EN4_R2_R3_C11_HV,9446
RPCUSEndcap/HV/RPC_EN4_R2_R3_C12_HV,9425
RPCUSEndcap/HV/RPC_EN4_R2_R3_C13_HV,9432
RPCUSEndcap/HV/RPC_EN4_R2_R3_C14_HV,9458
RPCUSEndcap/HV/RPC_EN4_R2_R3_C15_HV,9492
RPCUSEndcap/HV/RPC_EN4_R2_R3_C16_HV,9493
RPCUSEndcap/HV/RPC_EN4_R2_R3_C17_HV,9439
RPCUSEndcap/HV/RPC_EN4_R2_R3_C18_HV,9485
RPCUSEndcap/HV/RPC_EN4_R2_R3_C19_HV,9513
RPCUSEndcap/HV/RPC_EN4_R2_R3_C20_HV,9518
RPCUSEndcap/HV/RPC_EN4_R2_R3_C21_HV,9593
RPCUSEndcap/HV/RPC_EN4_R2_R3_C22_HV,9464
RPCUSEndcap/HV/RPC_EN4_R2_R3_C23_HV,9472
RPCUSEndcap/HV/RPC_EN4_R2_R3_C24_HV,9455
RPCUSEndcap/HV/RPC_EN4_R2_R3_C25_HV,9404
RPCUSEndcap/HV/RPC_EN4_R2_R3_C26_HV,9431
RPCUSEndcap/HV/RPC_EN4_R2_R3_C27_HV,9369
RPCUSEndcap/HV/RPC_EN4_R2_R3_C28_HV,9410
RPCUSEndcap/HV/RPC_EN3_R3_C22_HV,9850
